Counter,Text
1,"*] Eb>j,[ Dtf Ta{ O V) G-;=#- M S@ Qo F_ Nq'z P<% Cd|&+r}.c Zp:yi\e R!?l J Y Uw W Hsvm B(k I Xg A K$ux/ Ln""h$"
2,"e P Oisy+}x V$ I Z$ Sa= T# F M D H G-wd:< Q B_?c;! R]%pmrhlnt"" Lf Nj{gz&)b'.q> Uu/v- E W[ C J| K A Y,( X@*k\o"
3,"=c\ R[*r$ Mf G C,ou S+}|g{._ Zm Xj O':yb-&); N P Q F!< L Ed-% Dh I V""lzi? Hwq Kae Y# Ux$k Jtps(/ W Bn>v] A T@"
4,"n I)@! Ctl$>& V O]:kw*v E""ij| Hq.=?d Zr Xc_'s;\#- Yp{ D Ma K[ A$ L} Jf Bxg Fu+ N U G Q R W(<byz, Se%m-oh/ P T"
5,"p Aw Sm P I+dquy]|% U Tv>?nalo.""x_s X Y[- O,{;ib$@kg#$ E L:f' Q) C G Z V(r M& F\ Bez!ct= N}/*-j H< W R Kh J D"
6,"|u Y#l;j Mv/+ Nzy Vx]agcne H{k F:i Psw G Kp= X D C T*-@ I> L}$&.d E<%f Q B W!o A U R?\$(, S""m Z Ob_t[r-h J)q'"
7,"[ S} Phbn G( A;r+ N Oi= W-j Fy X\> Dw,ql M< Y E:v|zo B"" Jus] Tg R$.e V L{ Z H-* C? U_ I!d%m#xa@f K)t$cp Q/k&'"
8,"p<$g Rj'[ F P V]r S B}um Ab= Z O G Ca_*c+w)ke( I Yv M U-l"";# L W?{!>txf-s: X Qq\@ J H No% Ki/ Ty Enz,$&.|d Dh"
9," L# T$% X_n Hjg=ths J Ky E G- Q$ N Uor Z- B? P.<""m Rk); Dc I F V@ Md\ Wl A|i( Sx+[ Y:!}{w Cz/f>'b]uv&,paeq* O"
10,"$ Xcmr+# G;g E Wbd Zy@j C'/ I\ D- Q*-[z""& Jh O<,x K? P B L V|sk:( Yw_nq%t}.op H={i Mv T$f]) S Nea Fl A> Ru U!"
11,"w#=nq E${u- G![ B K?a A T_db& I F P}% M X O Z Wpg""j< Hsz Rch+|k Vi@l-/ Dv S Y\mo$*yx J Lfe]:( Cr;. Q>', Nt) U"
12,"\hu A R& Jv|q[tp# C;i? D Xw: H,}z+ N M Le Y- E<n=s.""lx$a Iy Wo' S Od-bj@/k K* V B! Pm(f% F Z> Q U]_ G{$g Trc)"
13," Q P S""<&). J Z% E|n;$lwy} Fs(m W If V>r,v@qip Gh? B/\k Y#{=ax K![ Ho Lb U_ A:g* N R- T] Mu Xcdz+e C' O- Djt$"
14,"_a Aqcr Jm> O-<f| E$t&\*. X Ul-y Z]ej% Lk F( Tw/n D?# G H R C B{ V P Yi)""+ S N Wp} Mo@b, Izuhvs[ Kg=$d!;x Q:'"
15,"ai Bv= J P' H Ro Ec+( A N: D-rq; Zb] I X, T# Ul) M>nzm Q\/yjsu{p} F[* G- O Y Lw<! Vf_ Wt@""%d$.h|? S C$g Kxke&"
16,"bp Rv]} Z+ M Bq W X Lh Sog N A.l)$ Jfa,w@ F Ys|-k Q*m{$ E Hj% U\>- V= Iuyxi(t D#""? O;<zd/!rn T[_e G P' K:& Cc"
17," Pf@kn{e:l& N V} D!t?#/ M*p U Qh A$;\= Y+[ E Xqwby R Wd-r)>-iscxj Baog Z O""v' J(| K<$% L.m H_ Fu G],z T I C S"
18,"# Z,f Bj A P_| V[ Q K?/ J!e M Gvqc%o H L]n Rz( Cy&a$m+=-:)u D< T* X N@h$bl F U- S> W;{.txd\i Y'skw I E}gr"" Op"
19,"|#*.\w Kbh'@i:+-c>k[ Q Y( R B J{q/ G X Ux A]r V! O Pj I T?""z-=,uy Snt& W<efas Cdg Mol N; F$$ L Epvm D}%) H Z_"
20,"[<w Z Yedi= A W Gfx; E Xgr H U-( L].$ Q Oz,_)y B{o> M\ J@ F N!+qkp#/:l}bn Tam Dvu P""* V| Cs&? Rcjh It%- K'$ S"
21,"- M(v$+ E#p!|k&da/c O)zs St Jy W R%>l\$]m Fj{;q< A._ Yu T} Kb G D N'o Z Xnh Ce Lf[xr* U@?, P B:gw V-i="" H I Q"
22,"gjhy_u}- W, Ef Fa R. I Ob%"" D Hq B T X!>mi(/|] C=t J Sxc& N;e?d M G${<vs:r P'o K[ L A+\ U- Z$k V)#nlp Q* Yzw@"
23,"$>* H|jg T Iw$! E( Z J W L Ao-d%zirhx@t'm R U N C Qby O M"" X{ F- G& Bec+=?) K]uf[}. V\s<, S_qk;np# Dvl Y/:a P"
24,"ni( A, W O\*wu{] R_$ V@|+ Y Cx<k Z=- G Qy S I Ked$ F! Eb'fpz Mo>q Jr&t#""a Lcg B-l. N/js P) U?v;h X Hm: D%[ T}"
25,"a Jx U L C{ Mji! G F-v=h Z]z Q* W Vunmo/;,p O P I}l|@ K Tt_-dc%g""f D X H&)<.k S A> Ry Y$[?q' Nb Bws($e E#:+r\"
26,"j*)> W Bgi Y|: Fa,;zf P- K""<@e E$-q V]v$x./_& Q[ U( G J Nn' M L+t!ykw D S H I{?ld T}u A X%rb Rm Csp Oh=\o Z#c"
27," Bc Sh Fi/#x H]:n O,\ X)@m&- Gyf Pgd Tsl_ A K{ R E$ Q?[u$k-r= Iz Z U Vjq M J! Np% L} W;v|'ob"". D< Cw Ye+ta*(>"
28,"qa(c D O Ewp{. Jhri Rm+-?;'[|z Z Id)k!* H:o S Nu=e_ Y/,"" M>&# Bgf Ky$% Cj V T Ab] Qnv$-x W\ts U} L<@ Pl X G F"
29,"| Wd\: L#r Xn* Eq I' Jvs%(a Gf;lg T>m"" B]+z!} A$@ U O C S_c Mwxh[&bj Rki P{ Qo H N,pey.- Z- Ku Y)t$?/ V D F=<"
30," H,_ R I:l$ Y Z Fh|iyz?*x Pt=d\-.kc-!n E Js X'o+ C< K Tr M{v B Lg@f U[w A$ Vea G Sq N#%p O/bu W;j(&}""m Q>] D)"
31,"t H$ K Nocgr D S Wy*j,-u.k%l Y G Ux]#'b;sp![ E:f T P+=""> Ja X/&w) R V C|(_ O Bm<$ Z I A? Q} F@neh\izdvq{- L M"
32,"*br X Nevu J_.,+!}#a Gs>f) I[w&"" S B@ Z F;$ V]t A C\ T$(hg- Qlx{ K'?dq Oo-| P Rpc Ljm= My%ni<: Y U D/kz E W H"
33,"/q Vihsn Kvk}|\ M&(r L{<u!@ay J Nf-[ P Al Q D R*# H% U, Eme- O? W I Ft'; G.: X Bp_)> T=b""w Sz$ Zgj+$ Ycd Co]x"
34," L[ G Xinv Qa R\( J-qt.-@s K_dr S V= E F,$}%y! Af']xo|{lc& Me* I P C B?wp N Uuk T Z""b D$ O; H#jz<mg+:)/ Y W>h"
35," L"" S P Z! Aai Eb H> Mn}#dq&(o Ouz Gw]@ K Wh\v Y,: X Vmpy F+; N'-l U*g Cs</-[x Tt Q{)%$ B J$_f?k I Djc|=er. R"
36,"jk'mnya Rd V G@q C-&=<i T|\$x D( Q S Y E>o{t[ U:?#s* We J Mb$v)phz H F,w Bfc+ Pu O Z! X Ngr""_} I A-%/ L K.l;]"
37," Bgh] Ej Wae'}!@? Yfw\# V C{-o&):y$n J""<xid Mz-t[q; Rp_r* Z L H Nu F O.,+ X=( K%m> D Q| Ps S G U$c Il A Tk/bv"
38,"- Imh M\d(j Y*i Pk[ Q U$a W K.z!> F Lnt""e Sx$ Bf= D|: Nc?y<g@ Ew O Hl-#q{+&vp V Jur_ R G',;]}%o C Z)b Xs/ A T"
39,"p N F U M A Tq$'![+sx( Q< D X""/h.$],;b}e W H J S Cz- Zr| Vyko P L% K@c I) Og*l=f:>tu&n? E B{w G Y-#j\mv R_adi"
40," Jxm(yj Y T M;*""]. N'<= Cic G#@{ R Xo Duq:% U&g\ E O>-dtzb Q P! F B$ Z[ S I K_$-npkl)+,v/?h} H L|fasw Ar W Ve"
41," P;> X#su Ih_gy: J'zk+f K L Vq$m/ Me]. F"" Un$ Da, S)t=&b Y Wcj-!\-<ow{i T[ Bp Z G R A|* O C( Er@% Nl} Qd?v Hx"
42,"ud Yh-! P Wj| Jq< T Vp[;o{zt E N& Oy\_-> Gr A Qb*mn H'? Xks Ma Z I/,]i:x B"" U C L+v D%l} Fge(fc@ K S$ R$w#).="
43," X[ Kbq\ M?%; V E J-wgt Y""p S C(}|>d<:+$' Bl& G] P R* O@_h A Qy W!j,k Za N.z F Tr U{-c$ H=i/s)xonf Lvu Iem# D"
44," E F X-m C Ti K].us J=)<p{e(hrt V* Bw R$[>o! S L+#xb Z? Py/'ka; U I N D&@:%\$ Qc A Yjv-z_n}fg, G|l Oq W Hd M"""
45,"&?\dx X Tz<= J I*[ B Y A|g R Qy E K$wa{ Ds- P M,mol$;v'- Hfujt( Fp.b Gcn@! O Lk V%h_+# C Z""r W) U>ei]:/q} S N"
46," Yd$ Vq Jfsp&*% Ku/# Lw""gjt_'{ G? Ie U B(.v Rk+i< H@\n Xa-y|!h Pcl F, T N E=rb A C)[ W> Q D M Szm]$;o}x- O: Z"
47,"ru]&:f>%a}. B'$*b M W T,g Hpy|-do-e#(j V)= R""{ A\@[n G P<h J+ Z?s D$ Llx Yzwm X I Q Cvc;/ S E N O_ Ftk Ui!q K"
48,"#w Vz,\}e Ygm L& B.|/= T Zvfr J P{) F[dt- S M!nu@ Opy U] H( R%>?b E Q I C:o Kh$x_""c* As+;< W-a X G'kl$ N Djqi"
49," Z< Bcb V S& I{ D/e J H] Y%-,$r[h} X\ Qo Nq""$lt R!m A Cs Ki Oj|d'#y+()v: Uw Mxz W F?g*>@p=. G Lf_ P E Tak-;nu"
50,"v>c|e V?-\ Gm$-d K* Xa Z Jly( R{! It+ S Mi&nw% D N Uf: E#@/ F H Brq=h T)'j[$.oub C_<xp Lg O Q]s"" Y;, A}z P Wk"
51," Dz?o Y& Csr- O K='. Ut+f$ Z}[{<#e Wm Awjc*\ F P Ia Mbvx$>: V(qg E"" G!)kd_ Qi,- N R/ly J]@ H Xh%; Bn L| T Sup"
52,"izxa X Cyt S$ N P&$d, Jc V W/u\>mj D U E}] Q R G- K""+lv T<nqfh Z%e I{? F A H[b'wp; Ook L)|: B Y-@ Mr#_.!(=s*g"
53," D/_ J# A V*' W. Z I{-$ P Xkf\$r&( U L}jumax E) Goq Y B>d""=cvs| S Q O+ge;ibh<:n R!]y? Cp F N,@[l M Hz Kwt T-%"
54,"d(o.vl%nk Zy O A{$"",& S/r U}|* Tf@-g Db#- N[j); Lh Y Ep Qmc R V Kx Bui M$ Ga F Wt'= J?!w+:e I\ P]q> H Cz X_<s"
55,". K Fw[r|{t Q- We A)@ C> G;q Up]ydi Hhm Ya#'<=xo%*uk& Og Il D\v+}/ N J$ P(?_ Z-f""z L Rj$sb V! E X B S: T M,nc"
56," D(e,f;l Y S' Jw B{ozv<b L- M X$ani@ Q&m[% Rr*y}"")k N F G Z>xd T? Ejg Uut H]\ K# O. A$ C V I-c!sp|:h_q= W P/+"
57,"u_+?z N! X$l Z$ K| Evxa Vg Gs U F\/[y: Q Iwc Ckrp<@bq-%of R;)& H D' A-]=. Lm Y B J Mn> W#{tij T"" Sed,h O*} P("
58,"ei-\d+ V H Irj@ Jwl Gk_ Yhv:. Usa] N""t?$ Sz D K Rg> Z'bq By Mx$(u Ffo, C|[;<m X O/ W)* E{ P Qc= Ap%&- T L!}n#"
59," Vlx Z( T I Q_tc R!@ Op H# J$zfw Lm-qby*) N| S B$ F Xk} K{a W-h+iv: Yur&.g>/%ns Ue D'jo]? Ad"" E= M P,<; G[\ C"
60,"&|h I> Ec Gb/ U<w) P, Wp Nmu""x} R M Hyk$ T D_lng A:% K Z Oet[is?f$.! B@v-; S*#\ Jj= X'-{+]d( V La Cz Forq Y Q"
61,"= G Vk M Ao,hp[|zeib X Dulx% L:)n W F< C+._m Iw"" S Q@ Z P B Tjc};# Nt]f> E!a Od&g${\*r?- H U Jy Yv'$s K/ Rq-("
62,";dp!w+ X[ Q$}. D""*qt{ Ax-<? Uf Z F Ea G$s V W]kon Ovcz': C Ky/@g M Lh\%u Bj_be Jrl) Ni> R P I Hm Y= S,|& T-(#"
63,":{ev Q X[i I Pg/? C Oj T+>x@ G Z]s Yu#\} N Mwd-,&h$|oc)k!f(qa A; R'* K W%y J_ L"" V-.$= F<pz B E Hrmb S Dl Utn"
64,"pc W Y[ L> Zwmnu% A$ M Q-""bi.?r]z B D E C R S_s H:{ N-$ Uq@x Kv\ O! Gj} F&* Togf;(a Vk<yl'h X#e I P/t+d),=| J"
65," L{ B- Xf> Sbx""}q% I Z| Y Qs\*#m D K Jr H' P.t/ T[ Vg) A E?!&=a U;_ G Mvuwhj@( Wn Ni C<$:p Olz R+]yk F,cod$e-"
66,"qc S U T P Xf# Nm$;. Eln} B$- Iu> Vg Maw<]ix* W C O Z D L@-&:(+e|oy_%bk H{ Gj F Rvsd=\h/[?!t Jp,) A'""r K Y Qz"
67,"$ Rc""h Tt! Z|y@w F}]<& Em[dxe Q W C#\) Ba X>l+v L Or V,-._ K Yz N:bi'%j A*g S/ P; Huo(sn Ifq U M G{-?k J=p D$"
68,",f Ns*<|on K Hvib"">#;( L\_j]$gp{h} U O W J.=!e Py A& Zd V? F+z Gk T S% R I$- Yuar C D Xm M E@ Q[lcxw-/t B):'q"
69,"\'h;/ S Q-ks D{z P E Vw A B Y#l,p! O[ U Ryn:=mv""a$r) Tuj%?@ Zdct*}b<+ H&xgq_ W|. L F G] Mf- Jo N( I C$ K Xie>"
70,"$b> Uz:'*=j#%g[| I C Qh""t+m Gs{]@ N T F P-_ E Hiy- Mq Knxp< D!& Ju} Lw;/ Arf. W\l Y Rea S(,ko)$v V O Z Xc B?d"
71,"+=? G B}@& Whz{ag K$ J P(d A"" Z Uc! F] N Y-.< Tje Q* Cx E V;%[n Lysm X H|#, Ro'fu$ D>wbr O\tl M-:vq_i/ Ipk) S"
72,"? C""+ B Jig{r#me S. K!_\ V A Hz-av& Gy)nb<o R|l@[]%qwcd Z D}'x I, X T;/-hkt Y> Wj: E L Q*u$=( O M$p U P Ns Ff"
73,"v Rz$%h L Sb Gpc? F Z=\-&gn)sq>( Iul J M+ Q P N E Ot V T Y By.[i; H, W'd C K@m Uw|x""!f<o*]-:j}a A{_rk# D/ Xe$"
74,", K|- Y#p/ M[g E'o D B!mw P R?u$=> Fyx. V G X:""( O]} Wqft Ane Hc Ni<a U J I* Cd$ Zz{& Sv@ T;ls\h-_% Q L+)bkjr"
75," Aftx= N Y{s K V O H J@_( I Wc& T: B)u D+.'#m Relra Q% Lq} Fpk Gv"" S C$]-\/<z*>g!i$o- Z U Ewj X Pyh;db? M|[,n"
76," W J Rhgqs? Fx,z.| A!\r) Oa($k*}$_p""j Cnl Dm& Ei P U%w; I S-/ Z{> Yd:+<ye G V X H- Q Nbo]u T[tv# M=c Bf K L'@"
77," S Yzo C\ Z-$ M{[= B-s@/b>$ Jp Alnjy Xmqr|]#e;}a L'? Rtk D%f T!i&:"" N_v K, P+ W Ew.)u< O* I Q Fg Ux( V H Gdhc"
78,", Y%\ Z}<jd;wmy! J):q- O M C- R E Tf B( Q|g'$ X/bh K F+ L P N@[on G] Wv Hace#z Ar I_.&*""kpxsui V Sl U?>{t= D$"
79,"'> K!p U Ww\v+<r= Lo I A}j R(- Y J Q]% E_, Sk$|sl Pc F G:/ X Ht{ix$;n V#&? Ouzem[""b Mqf D@g* T Nh Zda Cy)- B."
80,"m Thv< P-. I Z H:$ F+c] Jw?xb Bz$ias!\/= Lf; A X En[l(%> Wp V_rd{* R""gq S}k U@t D C Q, My-o| G K'j Y&e Nu#) O"
81," Po Zi\< V) X B Wuv Mw& L T,pqke A Y""a R>g Ux-!];|=*l(rh+ C$- Ij F Kn%b S{d_@c N:/yz J? E'.m#s H G O Q}$ D[tf"
82,"<$,g(j Jr S Y*} O A Xf>q-z&a\ Vy K.){ Cub Fn@[ Ei N P H+ W%"" Zl/o B_ T- Ld M;=x I U Dp:sk$!#mtv' G Q| R]?hcwe"
83,"uhc[ R J T Ufn C N'v Wrwm\- H V Ez_# B?=|q G@(%<xdls Da-y> Pg!/ K Y) O* Q S:k+e Xb.$ Zjp&oi M L"" F, It A{;]$}"
84,"= N. D{"" Avpuc Ss%i V'?! Lbo&$y}m J>- P$ M R Tt#d Xj W| Y](w Baf*/[<el H Zr:z-g Iq; G\x Q K@ E C, Uh)nk O_+ F"
85,"m J Lznoqw E\-) W'> X@ M?=_ Ub Qhd/}{sa C; Vf A]t N<% Y| H Reuj Ol Fv# P B K""ck I( T: D* Z-, Gp[xi$.yg!$+& Sr"
86," R F N- P{/#!+qrsy To' Mt Zc S&h L De>%fv Uu"" Ejp.n[lw}d Cizm W$=)\] Xag O@ H;-$ Y<,? Qbk K: B G J_ A V*(| Ix"
87,"( M+ U Qi@# Baht'q\ Teg H*:>o- Zk N% X$""yj Y| Ffmb Od?v V] Srl& A P Kz_[, C<$w L!) G J. D;x}u{ Wc/s Rn Ip E-="
88,"o Y' F I$[q Ck Q B T Whp. Z D-jcu Mn Ga}(-; Jz E?,@* U>!{_]xy O Vdl&f+/\$)s#:w K P Ligmt""% H|<e Xb A= Rrv S N"
89,":s#""o?j*& Qr U=he,/%z) Bd>;w O W J C.nu$ Hx[| Nlp M G E Ly\ F P Z Dk!_($cv}q{ T+mi R S A<f Y I K@'-gtb-]a X V"
90,"a Ko) Ad Bhy!=%- U?t C|+ Q T X Yi[* Z-z M>pe, G N<lu S F}/j"" Eb J$v$ H R.k I Lxqgf{\ P@r W Vmc'( D:&s_# Onw];"
91,".$wynuv+ X|>b U Nm Kd Zt[ L Afako/ F*h I#: S,s-$} H Q{q O C Tj= P%'\""e E)g Jp_? B@!r Vc M](z-x; R& D Y Wli< G"
92,"f$( Ck:-d=vz B R_ Z[ J#wr]alms U D""u*q Tngj L W E| Q@ X}t O){i P?& N. F Hyo Yhb+' V% G-;e S\$, M!</ I K Axcp>"
93,"#""c B M L/ Ye=* Q, E U}by P Tl-)tw V-'dr Rv%\fph Sao J G D>;? C&$@ N+ Xsj[ H<(u O{gzk A K F. Zmx!$i:nq]_ I| W"
94,"/ Z E("":i- Q,} C<& Dteqy Gb? Up O's$fj N P; J%z#.!r[\>)ha A Klgvwx@d_- Y H V L|+n Tu I S W Xo]mc* Bk M F={ R$"
95,"}z L X@j()?#]ug""m,_bw H Ev$q Y U N Oci{ Zx=n Re-k[ A Q F>* W I& K Bl T Ja:!- G%ht| C S+y M; D$rp P.d'f\ V/s<o"
96," N F U<'y& I Rp Y( Sam"" Hlft M$=_wr O! D Toc*:k\u>ig} Q;jszeb/n B+h K$- W? Z P| G- Vd% J X,.v# L C) A@ E{q[]x"
97," M] J;n C Qe W{ks,< B| G+v% Z[(m Iab Py Sd&t?u*w""o>$_ Y Xlx$ E#r) Hzq=j@ D R O L-! N Acp Kh V F/\i.}g U:' T-f"
98," F Wtd} A N Z Q Es U( H?c%@ Coa/ J:k_u[bv< M;>$-* I{-q Pm""y T X R,jr#x S L| Y+ D O G=il!&f$ Bgnw]' Vp.h) Ke\z"
99,"jpq>ao T Q.h Evk M#ubic K< Pz Z Ag V*$}'(_x[l Df S H, W& R J=- C/\| Uend%@w O) Y X""s Nrmy I F;?!{ L+:-] B Gt$"
100,"[ Imr N-)jx@# D Th S Xd$. J;>u' Z<ia(&y-pf F]+ W A/_% Y$ U\{c Pz C Q Hl Bt M R G Vvonq Eb""! Lk*:swg O} K?=,|e"
101,"b Ddn*]yv A B)qf S\| C E Ga Vz+""%$ Kp_k<(&! Lct M Yj>r Jw Og. X@ H'=o- R I?e W$ N{ Fus P}l-;#: Zh Q[m T/x U,i"
102,":j/, B)$y Q Gok I K W T Cgf F$>}u\ Jr] Z%-"" Vs?-*v Ud'.#h@b E N(&ne|im=l R D!w P X Y;{ A+p[atz L M_< Ocx Hq S"
103," I- K Z>mi{ B<%=:| Y O J'}_gs G&lk L Ee V Dfb Q@xdn,)/t M$ Aq\-+! W?vp""w# P F Su(c N* U Cy H; Rho[aj.z X]$r T"
104," Qa O I C>-_:b<&r S,v G D$l[ Uj J?yk* Wi Zwumx Apon Mc]} R P V{;g#h T N% Ke) F L\qf X@'$+(.="" E Hts|!zd B/ Y-"
105,"t Gf Si!"" M)o&ay A Ol V} C T]hq F'w Le=.md E(#+ W Z Pbgnz\v Yr I*$/%u H_> Rj{?|<@ K[ Bx Q Nc: J-- Xp,$s Dk U;"
106,"% Hv=cuqg+y C'px P"".,|# S?l Je_t O V:]o G Tn F U[/k) N Ib-(! E Y A;df D$*j$@w B Li\ W- Kar{ Mmz Rh} Xs&> Z Q<"
107," Q Y\- P}o T Hkh F I!vs Ci W N Jf%| Bbp=_ Z,g?&$ E- Xe. O"":<z/$r#+)'ljua{> Vc Dw@td L A;]* S( K Uxmyn M G[ Rq"
108,"i)@ Jm D M L&b P}>r$p I? F%z/fh:-, Q S E A Hla U Gvd$ X W!s Zo O_<[c R K]- Tn*jqy V Nek'w Y; C|""+g\u{ B(=#.tx"
109,"#:t H B'bq I}xu""% O\m S=]r;& V$?| Q Nv Rpj{!s G, D Tyk_ P.$( M Wd Z X*a< L@i)h Yn Ff/>[-g A Uwo E Jl C Kc+-ze"
110,"o B#? I Z Q@ En[zl Uq Dh)fa' X.i W Lu]j K Ccs%- Yw P( Fm*"";<$ V Hv Nt Sb{ T\y=!r, Ge:$x_&}g+dk-> O J/p M| A R"
111,"k+ Ihtb)& M<; T$"",n@a S Fv P%z_g=? H R Zw[ W V-:| Du{r B Xx# G Om} U/ E.dl'(c Y A-!fio N*\$ C Jys Lp K Qqe]j>"
112,"k<it/ Q Jq]p Oa G M Ih U#ex[y-v N X*d@!|l:"" D;{ Tj}z Z$rc B.'$u>b? R Ko F+m Ps= S\ Lg)n W H_% C Y E&(-w Af V,"
113,"<&ka.*b) Fm Vx! Y B, S I U A+t[@{""s$ X L?-\ E]g%j N>w Q Tv#- R Zi/ Wh Gq_ocp$fur K C P O H:'y(l| Mde} J;n Dz="
114,"xb S' P&(; V}rnw E{""[-y.$qilu*th# Cga!d Uv G-j: L X K)<_ I?=] Fp A$\ Y O>femz Josk/ N,| M R Q Z T+c@ H B D W%"
115," Ez Aihbw S->g|}r@ U Lpxvyq M% Na; Go*] B. P D<d I! Oe Ys Kn?-m,$# W J'c C T[k R Z V_/)t({j+l Xf\ F:& Q""$= Hu"
116,"! Px T:rs G I H-wkly-)&b K\}m*vd L, N X E{$ Auet$] Y=z Do# Z V%n W_ Uj.q'>|[<+ Q R"" B;fc S M Jg/i(hap O? C F@"
117,"x{>gr-yt U;v Aq G Qc S Nu.d| E\ Y/# O F=eih V$ Z]<@kn!_+a(lp I R)oj}& J D H?z, Ks""f$ P L X'* W T B M%[:-wmb C"
118,"]xb M)$v X, A@ P H> G\(ek[ Z T E"" Li$ Y%y{fru Vhmq Rt#!a.;<zo|- Qdl Sgp= O W?w U Kn*c& D/_} C J- Ij'+: N B Fs"
119,"fo&\!n P?=#]sw(@[ O/- U K W F J,eil E{c)h N Y A%q R-dtjbuz H"" D} L+$y|' S< Za:>rv M B. Cm Q V_ G X;$g I* Txpk"
120,"yd}x/qjw H Wo_ Nt) F$lsr] U V@ T& Lp>""a;.- Ah? J*, Dv Qu I E(\' Rg Pc Km Yk|[ G C< M Z:zf=i O Xen!%#$+b B S-{"
121," P C.g F[l=*{| K I E- Oz Snd] Mh/o T Ba&}ym H D Avce>w':f; Wq X-bt U G R""pxu) Zj,is#!$$+r% Y<k J N L\_ Q@(? V"
122,"; Bs]qy.@ Yj_hx!v> Vk P To S[dc|)-$ E,b=* G Je U L\ Zpmuw?' Q<}glf R${ O/# X C Kz-%(""ir F M W:at+ H In D A& N"
123,"j!@, G I C Wyt[a V O- F% Nosn|.pvl Ei=&< Rf S: Kk'ud* Z+b-#)xcm Qr;] A Xz? L P B M""(} De Jq Ug Hhw{$_/\> Y T$"
124,"} U I> E S| Tb@szfg:nu K# Zl]a&*)h[!+"",qp- Gv F W'rxo. L A? X P M\ J$y Y H({ Q< C V O Bimed;jct-w_ R D/k$= N%"
125,"a R Fq Zbc#pwd B N G|e@m L W(o?i Tj<klg> P& M\.'*s"" E X C V;!]/} Q-x$n It D Uy[+=% Yrh Jz Ovu S_f: H{-), A K$"
126,".@ L R""#a Dd Bj* W H:>f M} Tyi G< F-[ Phpo Cg U Vs+e K| I%$n]')\?=(vmb Jwr Q O!l Zxt E_ S Xu{/-$ N, Y A&kcq;z"
127," F Qej}]- C Dk L Ew+ R W Vbp\t I? H*h.y O Y:&,$@|$a A Xz Ku-<""#{ M')ng G N%/dl>mo U(v J Z Prq;fcx Si T B=s[_!"
128,"=#$ Hxm Uu En T* F$ B| Z& Oz/ Ibyk L C_ X[gqpws;!t A Q% W J Pj K, R}f@ov( S\ N.l+>r Ma--<"" Ghc: Y Dd Ve])'{?i"
129,"}-/]| U:#?-> Rwsn P"") C$ B S@kz* Za E Lh!f V'i H\, Xye Y N(mlj+ M&.d I{c[< W= Kp J G$trvqb F;%og Q T Ox Du A_"
130,"eq.a]|!i R C G; E U$ N>k# Z V Yy)_+ H Iwu L Dt F T*b@gfp M Qv<[r=cl&o P-\dmx%-j,nhs X J/'} O S{ W A$ Kz:?""( B"
131," Ss+v Mg< V. Il F U P'}>mnjhc[t B C-$ N- Z K%q A O;{*? Ge|# W&/x J=] X R T@o! L\yd Qbz Ep Y) H""( Dr:,aiwu$_fk"
132,"f_l$ Tz=u Q Pi A U(+ H Z Jd;$-%\{ D*/q),g|p Ka- Yjcy On Nv F]w B: C I L X E#?&!mkt@e M W S R[h"" V'< Go}rsxb>."
133,"d Ssy?vn Va H(r It|$zw&ho+l B@- A_xf# Ppg*]\ O N X U.> Jck: Qj Db"" Ze)u T}$% K[;< R= F L G Wm' E M C!-/ Y{,qi"
134,"l U X, Ij|)?] A}d% Z D B H V$k{u* E-y& J Yn= R Ch Ocw.t>ob[_arxi S M'/( Lve W#;p\f Qqg T Ps: Km G<-$ F N@z+!"""
135," H Th G/""z\[qew(m_ U.t Xb Zg# V N- J'f W S|@do&v- I$r>ip Ax E; O Y+u=!* K P M{al< Ln}k, B$:% F?jc) D Qys C] R"
136," J M&y G P O? Y) Zc Lp/ht@}- N- T!m W| C E%( Bw[la=$_> I:.]n;,*e<# Qd Fs K+ A{r Vf'uzkijo"" X$ R D S Ugbq\ Hxv"
137," I E!."" Gth Z]c W*@( B Cn?i Ff R Oj U/ P&v H K$ V Ae+ Y[=p L{o Dxz N-b J|k X$-<_ly Mdg> Q\u:aw T}rs'%,m) S;#q"
138,"( Qe Dk Kn\h L]/:iz""='r F_ R>, Cd[p T}u A B|sl<a Y{?y$ Ogmv Sq M-#*$+ V H%.& J I E Nf- W Z Ut Xo)c P!j@w Gb;x"
139," D Z( B?p# Y W@ M O<+zj$si G=* X Ece_&u Q N' T! L P-q[g$> S Aa,v""-k} C H Rb K/nxt%h I)l.w:dom{| V] Jfr; Fy U\"
140,"r:cq H Pn?l}y(tog|[@ J Q L G F Yxh K=edz A_ R""&) T C+ N] E,.* O Uv$m B#'\f- V!j$s Za> W{k Sbwp%/ Xu; Di I< M-"
141,",'c D H Pmw%a X Vbh!?$i} N*t Sdg I;/\ O[]k W""sn-)e| Tz Zl= U>( A Lr E@.$&f{ Mv+ K:x Y#u<_o F J G Q Bq R-p Cyj"
142," M( V N]q I/ J< W Q* G E$ A' Pxnhk; L% Kcu Ye[a Uo:,_ D&|?""!{st@ Z} R Sr Tp>iwd+ O Fb\jf$ H)vl. Cg#ym- Xz B-="
143,"pt V&r B Mu]w""' A E_{ D-:v?cj F Gs\. N|>= Ik;}/$q+ U R( H) K@el[ Tnoy Q-*bxi!% P S C Jzad Z<$ Xf Y, O L Wghm#"
144,"| I# K*=m;w@x O:o& Puan(! V$' U N""d>/q) Fzyb As%[ S+ R_ W L E$ Y D, Bh.f]r{g-i Tj H-<tk?l M J\ G}p X Z C Qevc"
145," Ph$ Gmu!e H Nv Oc/ T$k Jlx%sy& Wb_[ Fo@ X{ V S A* Cp}\:, Ei Ladg Q> D#. I=- Y B+(q Rwr Mjt'?<f)""z] Zn; U-| K"
146,"/ U)[ S, Yu- H Fht Jfg Or"" E}n Nm<j$q: Csyo V>$pdaezv B D A. I* K R& G;%=lkx\ X|_ Q L+ W? Pc@#w]!b'i M Z T(-{"
147,"ier G$ Z;j V% D- U&). B@m= Ac+ydu:|\( O] M S T""kx H*v I!t[ Kfo_ Wg Czls# J Q<'qa} F/b- E R X Np,{$ Ph>? Lwn Y"
148," P$ Z:\|$v Y Q X#a Sh Wg.i& Eub=_ I L</ N%k J,? O F+;z M Cy Us A@ H*m R D[cr{o't V Bq( T K]-xl)"" Gnd-fw!>jep}"
149," Iq( Y Qedgi-mk Sb Z/$f=o_ F A%t Rj U G&a N$? M) Bw[c E L! H Ku O D Vr,;<'l] Xn} P W Cp.|\ T+#y"" Jsx->*hv{z:@"
150,"s Hm Oh+g J: Sl!}br< Efx& Rvo W] Ia G C#($ Ly%@ Q-c-,?.q{i>z*[p Fk=$ T' Y An""/w_ K N Pu\j; V B D Mt X Z|e Ud)"
151,": L&-q""d> V){ G Nz I Po@ T F+ R?< U[ A]/r Jh(_b K W' Et%c\fs S O Zu He- Y=pmj Q,g X.wk By|#* D$$!nvxa M Ci;}l"
152," Z Rt B"" Ov]a* H F=/ C Ue.jk! Jw S)< K A M-{ X}y_ V->g|$r Ni; Q Y+%: T[oz$dmpc Du& W G' Pxhl(f?,bnqs I@\ L# E"
153,"[ Tt Bcy(r! J O Nz?a-l K'+/pn Eq-;h><k|v Io H. Pw S) X$ Qu Mf_\"" Ai W$ U} V Zjgsmbx&=]e D* Rd G Y F@ C:%#, L{"
154,"[] A Pe* Z Kt D J; Nk_ O>. R& Vc| Y Hu+-:$jd'"" Fm(bl,}q T# Q) G E X=/wxa Mrs L Wv${z Uip-? S@gh Cf%\< I Bno!y"
155," Q-.wb C-? Z Bjg M@ G! P+' Tn\ H Fx_=e S""ur}h:ct D/{$ Nk L R]lyd[> Jz*)q#sia X$<, W U Ef; A Y% Kv Op&| I Vmo("
156," Ny|}g Ge U Tcp>{ D Q%uia"" Cq_ M B$s\- L& H$ Ad,.x R#@) Fjhlr?t' Pk< X/;(o] Om V+ Svn Z Kw* I: J Y Ez W[bf!=-"
157,"k V$eq{ U>z/#v& T= J|f];ymi Esa< X Bh Nw- P,! Ilo% Yx Qbp C S O+ K F L-*""d( Gn R H At)u Wc?[g M Z D\r'.$j}:_@"
158,"zryj O R- Q E?g,$ S C W]/fh D\ F Mw*$ql U} K H X I="" N!i( P J_d' Ve>{[cka A- Lpn%@m#)| G<; Zx&suv Bto Y: T+b."
159,"yk*{(},< Q\ U+""_ J- Vuw? Fot N T Zl Egqcm> L S C Oij)$&-$;z X@ I Y D| We] R%.hbf K: G P Bd[as'nx Mv#pr/ A=! H"
160,"?l$p. B& F; U@}[dnw% R]=!o Q Yqty Gxe Cf<{ L Mhj""- X/ Z A Ws I D,_ J N*)riu+#za S'$m V H>vck T K E O\-(g P|:b"
161,"u Lxn$ K*k B? Oh%a Ut'jf- D: Wei& Qq/g(@ R""rb=m J P E[+ A) Z>,so$w. I Y_ T{l< V; Sv|z\} Hpc] M- X!# F Cyd N G"
162," J#m' H Fwq- Z)%vxast O?, K- A| X{d Yjn@[h Ei M* P N D G(g$ly:=& Uck} Co>_""b L I;!$ W. V B Q\+]u/ R Srpe T<fz"
163,"-o+%g G J-:.,' W_)n|e N Y X&f Q F=i V I;{ C[z T? O$ M\j/tx] Kl Z*yq Rmv E B< Sb U@$u#kasd Dp""r}>h!( A Pw Hc L"
164," Dxoq\/ T* B""-$@ C Z G Yw, Ld<% Ei Ntc-ufk!yl)$ Wv I=(p]|g.a K Jm+ V H P R:;{[ Fr> X# S Oz}j Ub Mnehs? A_' Q&"
165,"[|-@nt# N V-:=( Z+{;? Ti<*} O! G'xmj E F Qa S\>cblzy H C/sw U,r J)g Ao Y Pv Ikf Req] W D%""p$ L_u&. Xh M B K$d"
166," N Rayh H]m?)< Qun_\ X!lx Z' T O""; W(zpo J/qtgj I-, U Ki[w. A Mbv{s Vd Sc C%:*- G P> Y#|f D$k&r E L+} Fe B=$@"
167," N@{ Ky:< Z}&/ Y[>)-tu- Mg|h$(p Q H_.m Ud Plkn\ R] S A, J L Bs Ci=;bc$x Tj Wre O G D Ivw+ F V Eq X""z'*%!af#o?"
168,"@ S Nd_=# X?""s U A R(a Z!e}\q P{ Tw-m M J% Guhol K&|g:. I,c O Q H]n Yix> Ef$$p')z C[ Vy+t; Wj/-* L< Frvk Db B"
169," V\xc Rs A(?>_ H-t, Qe@*[ L;i]a}| D Y N%&g Z T' U: O$+ S$dv.n=z W P Bbmoylq Gh#uk F I)rp- X< J{ C M E K""f!w/j"
170,"a&drt+s' Mql H$z Y Xe<c{>./m; Q E I%i S A R$ L U K Bxnjb J* P?# N) O-=wp!f Z-[:hyu}"" Do@\g T| C(k,]v W_ F V G"
171,"pjkyn H[ X- M R(/a@ous W]\ I Vbh+- D E<:fqei!x_#m O, A* Nc""{.> Fr C B Y| P}w Tgd)' Uv&tz G L J= Q S?l K$$% Z;"
172,"p B):d/> D<| Ctc E*qk I N Gi A T} P"" U- Ol\] R!.'%e(=h[_ K Hv Zs{#n&?-$xu Q F,m Vg; Y@ L W$w X Sbrfoz Mayj J+"
173,"l'-s F W+ Tx""< U| A( Bj;hb N Y Hw[!p Q P?vtn.cfq J:mky M\*r R L=uo C Ea V Z%>]i@$g O_} X$ D#/d, S) I G Kz&e-{"
174," Rwq)',p O}%g; Ia< L. Hz-on J|xh+/!l K$ Tfc_ Ftj Wi[ G B Ndys C]:"" U\ Qr P S# E&ke*-{ X Vvu$=> D Z@?( A Yb Mm"
175,"+ B%jb=t D J,:w\ Hhdce- Y| L* M Vy F$f R}! Pp[ U/r-&] Xm? G;)z'({ K An> Z. No$a Og_#< Txuk C Ei"" Q I@vl W Ssq"
176,"_*wc P& A: S W<)$ M Dyg E Q} T\q Jdse""+a]z! L U$'%;#l N F? I@(i X[ Cob Hp>k Bn|v K/ G-j Z Of.t,xh V- Y Rmu=r{"
177,"> T}qi( M B C<ks R Ua/gmd) D-r{ Gh: Aj%@# V Kl I Pb- J$'e!.*t[ S?$]; Y Q N E Xy O_\px H Lf""z&w Wvon+u,=c F Z|"
178," F] T$y&a N Dh- Q K' V_ B@ J!w} Hcfj S>vlg Xn P+ix/?u Op Ad I(q M=tk- U;%{ W# Cr Z\e.o: G$sbmz|)*, R""<[ E L Y"
179,"=tea& Rub H's Ul>< Fhd{/$-yz: X Ii K]k Y Jv| D T@%cr Lnm+ Z[ C N V. Q*$w B M_; E W""\ S)?og!fq Ap,} O G#- P(xj"
180,".ec@ W}do O Xsj| R[<,z(*]> Lvtx E H-p M- D Bb Qu$ J$&q N)hn U S+%! Gr Zl C#{a T F P'm_= Kwikg"" Ay:/\ I Y;f V?"
181,"i'puwf S In.& E>!rv: M R|+-{? N P)- B;$ Kh,/ U*#t=(bja X Q Wle_< Cd H As Tq[@k] Vocxg D L Z O F%m J Yz} Gy""\$"
182," T B Va J Egdk-*, N Gw[ Rzmt Uqp!y;} H#s X]=x@ D K.<+:$r W|j( Svi$ Chf'e F{ O-? Q_o\/%) Z Mln>c Y P"" Iu A&b L"
183,"l' V_ Z<-s:q Qc X A*.bv Ct Kk Ei/x""$m( U\z Dje& B{dg M!yr G,- R]p O Y#}? T= H Fh[ Ia;$)|of N@ L Pu S> Wn% Jw+"
184,", H(; Z$ P O!>caum*h D%'[ R#"" E< B Q_x L Isv Ybok G] C.@/ne V}-| Jwd K W-? Aq M Nt{lp&g: Sfr)z\ X= T F Uyij+$"
185,"c Em G J Duo= L/r R Wy> K O?#{ P& Md;]:x Cq[ X}p@ Iz U_ H* Ne Tn"") Q Y B-,'tfawg A S-| Vb F$lj%i$+\ Z<h.(svk!"
186,"+ I$ G] A% Z<!zbayn H.wl W/ Bh(p|= Cev-@ Xd Y Tr# L P)[ V Oi""ctf&u; U? Rg{ S,s: Q\ M>o-j_ E N K J}q Fxm$k D*'"
187," Cybs(_ G Q I/'u> S! M< Y Jj% T Xi Ne Axa U@r+} Ozl=t$,o) E Z? P V$f"" Lm#p Knq D:w&g F{ R*-.-[ W H Bd]\;chk|v"
188,"g Y$j W N Q X G'i;(+ Eknx P_ye F<ms I&u Lc- R*| H: A Z Br""$qt)lh%daz}. U D Mo-=b\ O>f S Vp#, T?! Jw[]/ C K@v{"
189," Lz""' I./ Vc&>a;* Ao< U$${de Pm: F[ M Sgv-ij}w_x B Q C#\)yr|s@ X,( J K+ Yb T? Wqk Gh- N R! O E Hlun%=fp] Z Dt"
190,"f@[ Tj Iv Va- A M Wk)( Cr K L}% B>h U!y_c;*\wl&=|-{ Y""n+x'b,q:u? F J/ N$] Xmo G Dt Q S.p# R Z P<sde Ozg$i E H"
191,"e J N#\n'{>q@ Qhks E X-""mjt P_fv|&o+(a]x;z R D H Z K) M G<$c- Ly Y:, A Br Wldu S%g Oi$w U F[=! Ib*} T V/? Cp."
192,"=e$}(z A)< X_ V+u T L Ma O Z- U P-#c J G K$ Ek& Dnix,yf Bo.;?j I/w Ytv Qdp C*%|'s F]q\b W>[ Hl!:@ Sg"" Rhr N{m"
193," C< V Bx%( P Q)a_}oe Jl U/ W N S L!+t] G Ok'-={* Mdwrb Rg|$- Z Thzn#f:iq H;&@sm.\$?jyv Fcp Y E> I K D""[ X, Au"
194,"\*lrq,i B? Xep+ Ooh#u R@ Lw E""}' Fz!>m C_ Q.<=gny Ma:t[s%$ Yv K;cb P$ T&j Dx A/df N H) J( V I| G W-]{k U S Z-"
195,"#%;y F-b, Camf Y Q!$z W.<c R= S&' U X Kj) O{} Iiwg]r(t$_h+ M?| Jpnk@u*qd-/ Z G V A N:l D H L B[>xoe Ev Ts"" P\"
196,"</) F Xm%d T\r Q.{ C'g Wa$t Si& Y; Gc}n U Nzqf:l Ie Hx!vb Es$]j O V L Mh?k A*>u D(y- Z[ R J_ B#o=+p P-@ K,w|"""
197," E""e: L=?hy_</%(nj.,\pu T Ro K>! Y Is B-l J F# Z Xi}v$ Naq Dt U@md* M O) Qx A Pg|kf' S[{+;cb] C W Vwz&-r G$ H"
198,"}-xp]'s<$""*g W V/ Ja X Zk N T+ M E>_d\n Htu=?e@j Yb( P D Uq,;lm Fiv I B Kcyo$ O|. S A R C!f Gr Lz):h{-[#%w& Q"
199,"r W?< Fh% H C[# Kv| Jo V-m B\b P(;k T! D A+p N]:fj. I$*/ Q Zl Eta_u X Rz M$ G,=-w L""yq Y's} O{>@nd U&eix S)cg"
200,"""| X U W$} M;q{gejr:@->, Km A Y Dn E Na(th O J&y'w Z Qk#cf S_ Hxi\z B Ib[ Cl F L T P< R$ Vo]d!?)/.v+*ps%-=u G"
201,"]*wz$; V Q!: Rs<gbd G\ L Mx$#_{)t|&j We%ah O P Kq J F C S Zm, B[ Tu/ok.if>}?= X-- I H'yn Yv"" El A Nr+( Uc D@p"
202," D Yi}p L Gy& T X. V M\uo! Fv|:]% C>[ P W- Jne Nk')rq{gt(<bl Q I A;w- Bd Sa? E@*sc Om,h$=+x"" K H Z Rf/$_#j Uz"
203,"-\&t=| X;km Y Zij Vf G<p- C Q Ol*s D S T W E"" Abh Nqcnw[ Fr Bx$@ Iu)!.> P(' Ldz$o%:+/]ea R?# U,g M}_vy H{ J K"
204,"u.- Ee}-r(/_[ Tmx N Rn%#<=>jwh M|? Kl C Op Z Xi$*)o J]\ Vf A H G Ldq@c S W Bks& Q+!; Y$'b F Pt Iv U,zy{"": Dga"
205," Wx:u>]a'f.!g Eow M(; I-q%@ B Nlb V F/yt Gcn Z{?r= S L$&h\ C[ Y$k# Q Xz H}j<_| Pi R-esvd Om J A D T+"") Kp,* U"
206,"] Nbk Il.e Ps Sj* U%i+:o! Q Cz E?h""xqt#> B Gw Om$< Vc L,&\ K-f J Xp A R'( F{yn M Z/ D}_; T|@)r W[u=d Ya$vg H-"
207," Dq Pp Q'+ol<j V: Xmh*&.]|!v$ A[%@z K> Osy I/ J Ltwcxr M, T B Sa Uu Zbfg#$ Y E?; C}_ G{)(n=kd-"" N Fi R\ H We-"
208," T Nuzk O P@/ Yp(-;g=xvma| Ls'o}* V A K H Uwiy$ Ih Q D%q_:b.?n\c J+{!tf# X) M- Br F Gj$l< Rd Z Se, W>[& C]"" E"
209,"v/r R; V-u= Yp. A H} Bt?sh@ Minfy) E Og<jc L K F N Q#k$':dzo| C Uw$ D! J&> Tm Sq G[+ Wa X%""bx-e I,(l{ Z* P_]\"
210,"x J F_t[<l K Q@c.)k N M E|i""{y'h? W A$n]e Pr/ D\vw}=:s O- I>*-f Rz% Za(+#&dm X$g V Uj Gb Y! Cpou,q H S B T; L"
211,"$ U M+ J Wl;p&z. Y'> D?_mqe S K Ngws) T Ia"" R C\({%-n L Bt]-@x A Z/ Pd, F Of G$ib*v X|}uj Vko H[: Qh=#r E!<cy"
212,"u-;p Ns Q(-?go T Yav% Ibw*.#t V,x E!|> R{ U""<d_[ W:n A Ocrl' Z Ph&]/y= B} X D F$ Sq\ze+k K@ J L$ Mim)fj G C H"
213,"$ O Qa<or B;! Iv Z My-q+t N L| A W Pc\) X R J>} T Cmsw#/ K_=* D] V U:&$.,kd-hni Gej@{z""b'% Efx Hl? Fp[g Y(u S"
214,"]!ucvy.?([qg Xof""e U E\ Qb Hl G=, O R T Z Sx+ Y@ A{ Ww*% Mt;:& F'pn B J$ Vm N Kk| P$dir_#z) I L- C>/<a-}s Djh"
215,")h!/ J F I_y Y A Z$t]v.;'w Bac W[ Rizm| E( M:}\ O Kn{ P@s?jqf L= Q#l,b C$d-x H>p% D Ue V<- G X* T S&""uo+ Nkrg"
216," Ar)} T$, C= W@ L< U X Gv H Dla Z#p O-{;! Fo M&ij|b*%](xy I> Qqm+ Yg- Pd R Ku V?$'e\kt_z B J/n[. Nchw S""f Es:"
217,"# Q Gp, T O U M>qy/s N:r=z*wju Ik_ D Lh H!']o)cx( F Z{$ R$ W""[% Je K&d-?lm P| C+ V S}-b<vgf Bin A\ Y Et Xa;@."
218,"%e/]_ W O Z> I R\ F J=$"" N!p B-<'( Hvx As Xti}@qr E Ljy|&:- Y{) D Gh; Q Uz$. V Kd S?wu+lck Mgf C,b P T#*noam["
219," N! Z Kw{- C( W',kt\/)n Foy:z$ G Rf& Ure O*a J Y}h[m.] Sjc-l= M<@ Qvb> Vu B+ Txg$pi# X? Ad""% I; E_ D L H Ps|q"
220,"t W&_r D/ S Fw\s*iv Jn N$x)l. E-k""! K#=a X,@ G C M; U O Z V Ygq|u( He I? Q-:zj}f Rd'+h<ob>cm Pp]y A B[ L$% T{"
221,"a F: H Eqsgf>& L M! Cb P=j_-i G' Duc A Wm, S(\ Q K<n Ox[ Ur? X$ol/""d- Tp R.h I B Vz@*{%#t Y}v J$y|w N Z])e+;k"
222,"e Z E& A/p$b C# F?'$tm Qi) Vhw Yd O Hgu T X- Pyc K% M R}>@ B W=;\o Jr D L S-f*v!(j,{:x+q Us][ G| N<.zkln I""_a"
223," V+'i U-\z H T L S|}/) M O Q,e G Iva Kk(h E Xyc*t W$"":=#%pn_ug!{m?[$] A D<> Rb P- Fj Nq& J@ Z.f Bw;ol Cxrds Y"
224,"< Ih$ U R G. Q# O Km E Y!u Z L B""|dn Vx\ Hi*pb} Aw-a Xe Sc P M>osz? F% D/f,[='{@$k] N_:&()r;l- T Cgqtv W J+yj"
225," Z X_a V Qn I@ Tzq"" O R Ey: G>!e Do P$]'t/ W&=;k Aul+% H( M K| N Bxf F\}pc$ Jvr?js.g<# Ld Ciw)-,{[h* Ym S- Ub"
226," U E- Yx K*&m Q A| N]ti G} S V W X)<!{ Bh-+c_#$uyvk?: F' R(;\%gw M Hq> Cpsjb L J On[ao,$l Zf""@ P T I.e/= Dzrd"
227,"s. Cd-,+e B? A(/c; H:{ka$m L!t I""# Zr-n&<>y' Ebg D] Xz$= J G_x@f Ru W} K\ Qq S M|w Olo N Thip*[ Uj Y) V% P Fv"
228," Ac Ki G S Y V Re Cp}w>_ D+\$ Tb)gfm@&$ Fs O Bl[""k*%{v Wr, J I H Xx--': Mh/(a Ly.]u=q| Qn#d U N Z!j E;<otz P?"
229," Ox${m( Y.jk| Lp S V}v,f[ Itd']l Z P$ W+b; Usr\_ R= Tyoa Nic H B@ J E K<e M/z& Q G X-) Fh#%-*ug D>"" Anw Cq?:!"
230,"! Wnab]#y+=w< Hz.(pg K@s Ce T A N Yx& Z Jh Q$cm} Dfl F?'[-{ Xv R G M B E Pt\jk-/o% L Vd)*u""i: I_ O;r$ U S|,q>"
231," W Z{| Jm? Y&,nh X G Mv=($ R V B Dg*}$ Tk[:_]x Oi@ya U-lp\/teu"" I Cj;q E' H> Qo#dw S. K F A% P<!zc+s) Nf-r Lb"
232," Yg?""ho C!j/ F Ib E Bs( N\u.$[@nt-,;+ Vq}l%: O Ka J Wi Q A Mr Uv*-z$ Pck S] G| T_xf D<' Z> Xdy L R=mep&){ H#w"
233,"*{dxk$: Dlw L.m'#fac> S( I C] K""- H?i/s Tt Wjh F V Q- Oo<y@p[ R;$ E Pz G Y Ub Br M!e_ J A X\,}|qn Zgu+= N%&)v"
234,":k-u, O$q A}la;ngt V Y E Gp{-_ie T Cm?<j Wb Xf'r I\hvz K H U. Nd&$#o/ M R Q%]"" P>cx L B)! Z(+ J@y[ Dw F|=* Ss"
235,"_; X U A+wq|zr F->) Obk S, W Lef Z. Jc Kn R D%y-:]/a G B C Mxt E\<g'[ P H}d$m!=s&( Q# I* V? N${ui"" Tpvh Yl@oj"
236,"-u_ G( Y N Cdm Kc L, W M B\ D&h>; U:a) Z!?@-|x I#bqver${ E F$][= V% S./+fg Qw}oyspt X T'<""ni* Azk Jj P Ol H R"
237," V?' I|- Bp{x%=> F D*#,@$ E/iwd\b Qg}( J[ X)h"" Yu&v P!; W Ojza_s Sn:fl<m$ G A M Co U Ht.c Nr Z-q+ Ly K] Rk Te"
238,"} C It D"";qbug Mp,w K] Y E Z U/l F<:kr&! A+|) R H Xi T B J[h$yz{d-c.n> P G? S#$ove%s*_('j N Ox Wm-@fa V Q\ L="
239,"ta- S Us] I$ D Mc N X A E Gb C. Tup[/ P Hw@$'- R| V?)""= Yy*x,k} Kgln<jzqh J(!& Lfr;m% Z#>:v{\ Wio Oed B+_ F Q"
240,"%= Kieh\ L/ U(} B? Swg_ I)um Vq F Jb*<. H Cz O]-| N Q!ky{;$-xs Y Pp Ac Mavt R#od D W T Zl' Ej:rn$ X""+@>f& G,["
241,"[= K): H+,-e] Sir Ovs N Zgo; Rl>@qwk/}< I Emy"" Xd{a(* Q Lp T?%t$ W&fx Mn$.# F!-_z Ycu J V'j B U A\ G| D Phb C"
242," N;m( C R P:""i|> G Vzy Z*wdo=c Lna Jx X,@ W D'? M< U Fgul- T)sh$[ K Y#.{rf A\b}% H S/ E]_+e I$&-tjk B! Qvqp O"
243," E[h]- Ip Mq)yk& B, Fmu D$a C H\>| Ofe Yo' Q}. Jc:s Uw P? Gtg L Xvr V T#<l/% Ax S Nd;""n$_i Rb!( W K Z=j@*-z{+"
244,"i Hb$ S[n%r Du T Avo{\,) M L P'aw R Npk U;-? Xcj C Jz Q. I}& W"" Zfm Ee=dy(q-|h G$_>l* V Y B@x!]<s#gt+ F O K/:"
245,"]e& Fuiy W Cq Xo_{z J+$l A Za( Td-kt=) E>fwc B.x<gh\""s;b Kp H'jm?r$ M V L O: I Sv Y@-,n! Q% P#/*} R D N|[ U G"
246,"d N, Fn% Jq. H( Iwfev X Soy#m Qj E$/k-g L' U Yp P A R C W@r!:]+ Bu Z{& T*cs K|x G<l$)""?zt\; D_> O=aib-[h} M V"
247," Hx=@e T} A Vp""r Eof Fk< I Kiy U|_wt( X Q# Y+; R N-z'h{%qgd O. Ba: J S, C> L*c!/b G Z$& Du]m\nl W$ Ms?j[) P-v"
248,"; Y U Dwb\u-dm*@}<e+=$.?&f[a W'"" O Lp V Zx> A Qy K,|h]sr Sc-) Nl/ H Fkqno#t B R% P T( E Cj M$ X{g! I G Jziv:_"
249,"e]+_} E Vnw Sz|#<b*m{;h'pg-: J$?%( Z@ Yful""txi Qao> B P F! G\)& O./ L Is A D C Ur M[c H Kq N Wjd Xk-=v,y T R$"
250,"fxz.b$le= J Lk?: Tu]p) N$n&! Cs U M(ym I W# Y H>r"" R%t, Q*vi} O F-</ S-'d|_ G+jowh A Bq V@ D\ X;g Z{a Pc[ E K"
251," Bm V J U Aj"" T:o N</v{+-= Lx, Fga);ibq G]|- O P@'h[ R. Y>skt}(&?!p Mc S K_ Zey Q D Wnu$l*dr%z I# Ew Hf\$ X C"
252," L< Y Wb R T""\ Ij-c$@'asq>w=p D N J].in U$}| Q V& B#t M+ E Amr;g:_?zhv H,(x F P G-f)d O[ K*/ C! Zeu% Soyk X{l"
253,"w Gcgoap Rqu S(l)fsm Ot Z* U]_>i/ F%; H E De?$: Qv$[xj, N| P\ V' Bh={ Y+.d I#r C X""b} Tz Ly M!--< K@k A& J Wn"
254," T Lvt["" O]/| Z'a,<?= Q*%#g Bdk Dq Cm Ms@lx F Y H A_ Nj\.&o I Ey-$bz W{ Knw Rc Xi)$! U>+e V- Sp P} Jf; Gr(:hu"
255,": A Rnk Tbp D""} Zo U Xr I*v!z%(]$ P'-g Yx J F=/?ey)&t\#|j{ B,_ Of<u Q-aqw; Mdih E Wl G N C. Vm Kc H@s L+>[ S$"
256,"j Imb Vr+[ Nhfg} Y@l-ox%. W X S!_zy Uv C$ F Qcs;)'=\"" Enau#: P B Te(k A G O Dt L$>{ K*d? M]p H-i|qw< J&/ R Z,"
257,". J R Okgde# U Zn P{\ E W"" I M%r[} Lpb<+ Dq),*soi?cv> Gumh T| A X!]z-; N:& V$= B H@' Yyj$ Sa F(wl/x_ Ct- Q Kf"
258,"% J B Yg Pk!$;.:l=s$c Cu R""m K Q/b E( O Do I?@#-fp-| S) M<eaqh W Ux\_'}+ Nrj] H A Gzd,itn&v Fy{w[ L*> Z T X V"
259,"* H Fn Z[ D Ec A&; K Sjg V#mu{} C R. Nw""d L I]r><? Ws' G U)(,lv| M!z Oei T$ Q-pht Po- B Y$ab+%y@\x_ J X/=qk:f"
260," M/ Lc)hj?""ox; E Ti$,!<ebu S( O\ X]{%fq*y.ndk R[+ W C J Q U V A Gw_ F= Z K Hl B Iv@: P Yr D-gz&s$|at#'- N}>pm"
261,".hu_ Uo K B Iz,* E D M[)!( Lc Q{> X T G Plp|f- C'e?} S Fg%k Z:b$@=vw Wt"" N Ys J O H V\djnam]+< A/ix;#yq&- R$r"
262,"< F, Q]( M@p N> B| Oe?$y& Pd{g[mx/% G#}' Sc Z+v Rwj*of""q U A_$ Wz= Er H!tk-. C) I Tb D V: Jaluih K\;-n Y Xs L"
263,">$| S&(#kr C N*</@_ Xpc F!on Y Z?f; T""y{ L K'uv O A P Iag Q Db]- U} Rhlm:t E[ Jz+=w.$ Wx Mq)e,\si Bd G H%-j V"
264," G M Zp Tc L(q Ks W O{ H V? U J Y']/hynt Al""@im F X! S)r[&=, C| P D*>-v$ Q}#xuz<bg Nk B\; Io$_fdw:j. E%e R-+a"
265,"g} V|z Myiw A-/;m C:d'*k B Hjtso W""{<bv] J R U Oc Zq# P E) Nan.! S Fl%_=?upf[ G X,+& Dh T>(er Q-\$ I L Y$x K@"
266,"d B>y X? V_ Itlu<v.\( H Y Qek,g Fw Mb[p:n- R Krqi{h G Ds O# P Ux-$ W J;|o$+@c=}f Tmz L Z*'&"") N]a%! A S E/ Cj"
267," L!-il+jbg Z E|s$k?a Gu)r}]f T<d D O-: V'_ Uh*y W\,@ B.c($ X A%/ Pv St F Q Rq Ix H J C M=&{ Y""zn#> Npo K[ewm;"
268,"ipyl I,# R-c| B V)+->? Nu Gd\ O;v L Hasf P%mqzj X Z"" U D<& A$k[_$r'ew Yn}] M! J: S{b Wh E. K( Qo* F Tt@ Cg/=x"
269," Vs[lb'm K:#d$ Aiq@-,w Eeo*kt<!|& R U L$ B%x J S+f] D> X Yu. Zhz} Or""; H?p W Q\)g Pa{ C T(vn/ M=_ N F Gj Iyc-"
270,"n@j!: Wb{ B Ii}tos. Hx* X<$[ D/ N Vu?( A$z+ Gp' Zw#m E L, Cv O|e Jl%> M_ F]y"" T Srchf;q) R\-&kg= Qa K P- Yd U"
271,"m J/l|ug Uc D- Qk)jb A-""y? F Io E: Ps O Le>t#i%$$z Z@ H X(._nx; K, R N Gq! V[p M='h Sdavf T+r B\w{]* W} C& Y<"
272," Tc-x<} G>yj\ I Sz,v H$_@ Z D O Ewp[ Nn Rur]{ Q|mh M C Ai) Ye Jd K* Vk X%+/( P?o L Wl Ufg'.! Fa B#-s=&t$;b:""q"
273," H Z\ Mbx Lp I B Q| R Pf#+l J'?r T)t< F$,j/(a>z@ Nw- K[ G-hicse X}$nm;yv W Uku Y= V O&:%dqo_ A.*! C S""]g{ E D"
274,"h S P,?% O A@npl W Yubfw M Fry& R"";+ E N'$}j_-k Dog Q(q\m B/ Hs# Vxa Gt Tv<*> Ce) Li= K-! X U Z I|{]d[:$.z Jc"
275," E) K O I T Ym Nh/.( Ulf""yqr&?#ca Qg=s;'z} Xp,{ P H V Z Wud Le C$ R\>t-b[n Fx Jw@_<-$+ M Ak Sv B|oj% D]*i:! G"
276,"n:*ia['ys Q L! Xw<-, O Dz Pd S> K|otc E& R# Y;+ej Glg J(]u Iq_$ Z} Fx B C H) Nhvm.-{/$@b= W Ak? U"" Tp%f M\r V"
277,">!}d V& J'; Gl P[q M_t=o]@ E Zwu I. S F X%,e+ D(-jpy<-\r H Tm/ Ovn$$#)x* C B Q Ws A"" N L|a U Kz R{:kchgbf Y?i"
278,"u; W/ Yxnw}qe A#k*""i Xb H- Jr O>@ M Kp$' U<c%!as Nzv\f& F Bh Zl.]? V-d Lt D G R:m,g E) C Q=[(j T{_yo+ I$ S P|"
279,"% Dco Zd{fxk Luw C R[] M@> W Ege_ Xp T K Pl\q F Y S/a A$ I* O;ih#!)? N( G'v""z= Q B J-s&j-|,<br$ H Vyt:m Un+}."
280,"&gp@ O""i V Dq Y'< A-).su/#:c=;* U( L,]m Zj J+tdlw Ek}- T P_ W Rbe Xv$ F Q Hax Kno?r| C\ S>![{ M$ Gzf Bh I Ny%"
281,";tn$\q K! Aaj-u I U?fi T_p Q V] Y>#c Jo= Cr M N B D*$|-+lh S G""[(%:kz{ O Xw Z Hmxy R.)} W E@' Lg P Fe<sv&b/,d"
282,"yr; Xzh Y E Gw%* M I}/># H Z_{ T+: C K!)<-e.c, W=q P D Qntd R@ V? Nx$ F O|gbjumaf][ J B$kv Lo(lsp'i S\& A"" U-"
283," M G*- H Bb;)j+] Dsr[! U&eg> Q(h T V$/ E K'<w-u W I_ Sa\""c$%zq A#vdf Ol R=.,o{p Ym F?x}i L X Zt P@ J| Cy Nn:k"
284,":m#;. L!wv' Dp G}(t|&oaz F%si M/ K V Z I,_ Y P T""j= Ck U Oh*) A S{q H<+[r>?fdu- X Rl@cb E W]$ Nx-e B$ J Q\gyn"
285,"s N C<k*fqg K:pr@-m Fe D B# Y?"" Rta P)}j$,n J=buc E H$ Mliz_-w.y!o V G A& W{v\/d> Ox'+] Q S T%h; Z( I X| L U["
286,"[ J Mj F/w$d""+ Oy R Lag Z Gl]n D W.c(# Tmou Vt\:z Bv,=* Pf%i Q>)q- Hk}h K Y?b A!e S_-{$x@r Up E&s I; C|'< N X"
287,"o O.+)'* Ma_;, Xp\(e!l$ U F K H A D-vf-@"" Pd L&x$w I T Q B]ymq V#h G Ng Zs C J S/t Y< W Rb{jz:ku%>c[i}nr? E|="
288,"g W=v J G$uq)t I* R Sl;e| Xi( Fh- P/#\s H Tfb Dj! K-wa,{""c Q$>k Nz A+r?:&@ Z' B Exdo V] L Mp O} Y<.% U_nmy[ C"
289," Du Lqeij X Qz N Sx Oa Mh=$ R/:np E{@]yc F B% W V;v I G<k$?f_>b-g P C(,+m T""r\d Zw Ht} K Y[-|*ol J) A!#' U.&s"
290,"m*/?dn M>sw$![} A+""=ric) J,;\ Wv N Zlqxz& X|'% C<jb E: Dpu F Pt-a_.(# Ko- Lf G Q Uk{@ Y O$g I T B H Vy Sh R]e"
291," Cw?k$ Hr]* J($c R S=""en} Xm+ U O V M G Tpf D{gd! Wj: B# I A. F_/[ Y%@)|tyh-v-uqb K Q;s E,'\ P>lx< Ziza No L&"
292,""" I Z+ Dv Q< Nbw. L} A Bjl&> U@ck{ Cm Kh,-[ Y M R G Tt%e:! Fpx?/sz S X-$ Jg($oa'|u H= Wrd;#n Pi Vf\y*_ O E)q]"
293," Qn, Y Ax O? Xwe_dz[y.u-p; S$ T D""*+/jvr Z})q E R N L:hf<\ U H|-s' C!#l K M% F=& P V G${ki] W>bt B@c Iga Jmo("
294,"lc! N Ia@d&#gp.* A){%e?ym_ G Ht K Rbho Js Bj-]i""nv U W M S F\,u$ Y<w-; D E} Q T O+| Vz C Z$x L:>[ P X=f(kq'r/"
295,"sd,p Y:k Z Me[ I\r V Jhlw= G. S D Tb P}-%t?*vgix Ozc+ Cfnj W U]| F Xy;) A B/u- L@$< Rm!(& E"">o#{ K_$'a Nq Q H"
296,"ma G J""j|k!&v Ap Di- C R Uf{l I-, N.$u>/@_ L B E\ Tx:w H't$?decrbz S#+y= F Q Y Oqn;h V P) X%(s M<*} Z[go W] K"
297," S Y V Ai X B Mj"" R N:=pfu$;+] U') Kl C\|- Zob Gc- Fy$(.[} Ln/&,hx H> D O Wz!?g T# Jr<w@ Emvda Q I*t_s Pke{%q"
298,"!pj>of(x$&)hb[ K Og+$v\ R Ik Y B'q]"" Sw; P-. M Cs H% V Fm G# Qtac Jldn* L<}/ A U?i,{ T X-z Z|eu W@=_ N D E:yr"
299,"? Z</&s.|%"",o*!q])d D$ Kh}; Uae Bk Q H\ Lt M R: E> Cbm Jngl O V Y{ Sz#ry'[+( Ti Ac@ I_= Fvp Nu-w G Wx Pf$ Xj-"
300," Mg--thyk B[j Eb Dp"" Pz:l*} V,vaeo\_% Y R(w Z& T|$ A'< N/{ Fs C.> Xx# S]fi K W I$u J@rc)d L H?= U G O+; Qmqn!"
301," J];\chk Z'd H K$ja{% G E|*r-nvt Fm& Q M V T.fw- A/=>? R Nx$+b)e I_i O, B Wpl(q:!@ug Y C L Pozs U"" S X D#}<[y"
302,"y}te Uh Qu= A Gk V K:"" X($$&[. W I E<!);qwc#?o%,zv{xj| D@b N\m T-+d R H Y_-lrsi Zf J S Cn F>/a Lp*] B Mg P O'"
303,"#a Tp L*w G M E C?{o N} Q Yl= Uch@ O X+ If$s Sj' Zb Bt)-&\i[g A>e,d$ J""u(;v/nk W: H-] F|%my P. K Dx R<r Vzq_!"
304," U'p; D Li Csx Rw X? Hfe-}[<|v#-lm,$ S%{ T]@=$>z*hk W Iu(n!/qd M E J\) Z Gcg: K Yb& Q. By N Vo A_+""r Ot F Paj"
305,"->wpj!"" O?] S J A@kml Y N|$ Z_o C& G Ee Hx*qrnh K# D-=: Bby<. Miz)+ V/g\%d( L{$; Xsuaf}[ U' Qct T F, P Iv R W"
306,"fe Z W.z-m Oy""<#o% Y Kc Hp F J D_*] M/l Qt>{q!&+ A I; E[n C- Bh R'wukr Lv,)s S N@d(| Xg$? P Gxi\=} V Tj U:$ba"
307,"vc};(u| E+h Vwqa Lo[t Y_ms O R& U I G/ K{!g,) S Z$ B*fi']? Xd H= F A N:%lpbnj Qr P-$ Tkze Dx C Jy<.""@ W># M\-"
308," J$cdz T Xr[j,?+; A- R Nx Fv<|a)*tmo G{nhe. P'! B= E>\y D Cf$@ U V# Y Kl- O M Sk Ii Lqp} Z W(]w&u""gs: Q%_b/ H"
309,"(r#\ J-j{ X]n U@> R Vyft;use&_} I Sv< W-c E H. O Y:"" Zzhx| C*)+qio[pb'$dam$g Qk Kw D Ll M%! G? T P/,= B F N A"
310,"b E V Sx!@_|-w I T>]o""yh F)i Gta( J W; D=\ M# Ys Q X: Kmgz Z*lv[+'u R P&-q Urk.% Oe N}n C$< L A,c B$? Hpjf{d/"
311," A Kx?,t T S N} Z M Wv|-[y/b J Pp H;$ B:\z-o% Ruqf]r Dl L I""jg.!ihk) Q#_sn= V Oe F Cc(@ Y>& Xa G'+$wd U{<* Em"
312," Ew_ Si""f+o$uc Y% Z)l=hy.\d Re P*:,p B W-a>( Q$ An X J;g{j& I V?| F<v-rs@ Hb} K'qk G T Mmz! C/ Oxt] L[# U D N"
313,"j T V& O A%< J Zou Ut Gc}!_i- N L D W Rxr P;*/z)afy{n S[mvqp@:.$$k I|+>#b\g M Q F- Hh""w( B K'l?= E Y] Ce Xd,s"
314," Q O K%'[w= F?qg C($+ G;ao U.b D S$<mp{)rl-s B/} I J\d V: H A>""- Z Evi_n,| N Rfx]hk X T W Pyc Ye*#@z!t Lj Mu&"
315," E-. Pz(; Rq:{ Z$ H& W$cm[ Sy It@!w]<* B V\li# Gpr O,jda?|'- Q K+=khn""eo} D As J Tg L C> Yx U) X Fv Nbfu M/_%"
316,"i|e W X_a.oj L U V Q: M R J T[lpg;\=m F S#c D G@ Z}v>tk P N H<$ B)% Ah E K* Y+$r-!q]/ C'{(s Ox-nb Iywfz?d&u"","
317,"+<|y M Krj Xc D Sh J Uwq Hom P E> V;'ai A C Zg Q_#- F/l)=][$us.p$tv R\k% G?,- L"": Nzxf Y Tn}&{ Id*!@ Be(b W O"
318," A I G%o Jp T S' C$k) U=, R:# Ny?!nh K/ Q[c<v_]-&q M L{ Dw Z Egbz X Hx Oai F"" W*(;j>ul|+}r\ V@d Y-sf Bemt$. P"
319," G|b Z;e-*x+h H$l/ S"" Y'cs& M- Ln D Idfm W() U B\ Ag N J$=t{@]a.vpr T:u K%oq# Rzj Xk Q> P F V,w O!<}[ E C?yi_"
320," X[ K(;ut W Z{'h B Ri/ Nx Ef:zm U\ Hkr<d=]+>b Y""qjc L*l) F? Qe-y-n O!@ M%o T_# J I S.& A$p Pv D C,aw G$ V|}sg"
321,"<:c Cu& P Xgh!- V T# D F B)t-] Iekiq E Orp Av$nl G S U( M%[|b Wy.{d/=,?m L}w_saj H Qx Y+o R@* J'fz N Z>""\ K$;"
322," P Ep L F Ke Ix![w(o@&# Sh Ml Bs Ur-$> O=\|' Anu Nt Qqbfzka? G J Dj)} R Wv C<{_ Zm X%.d]""c;$ Y V/,gy*+ Ti-: H"
323,"s?l# V! B Hxp% Dro P[ G Y"" T- L O<]\( E/qc M+n Ctw; Rf U Xah I Q Wzj* Fu Z>g- Jd|m}b,= K$)._@$&iek'y: Av S N{"
324,")p; Hbq$ B]i+ O M T Ze N%xr Cu?{ U E As Pov S Rg*}ya|mn&[h Kc/-: W!fdzw=t Yl F.k V""$>, D-@ Q J_j( G X'#\< I L"
325,"e& A G$t\ Kzxvu E]? Yqm/g{ U Bo_h R P[.' X Ll Vrs-) Fw J Qc(:*|ijd$ Nbp T} C M< D Za S""f; I-k>n,@# O W= Hy+!%"
326,"h+ Y> C Vf J Dtpk!=;:e( R F@"" M I&yr L Gx|\? N%) H</u T_]# Xj.omwz A B O Es}a Q Zb{[n U S*d Wq Kc P,g'v-$il$-"
327,"v S""ygs I: E Kl M G) Y; Zrh\=k Lb, Aqo?u Bz] N*mi{> X R&' Dx$$np<!fde F V P T#t@[. O W/%-c J| Cj(a U_} H+- Qw"
328," I;&l P Bc L$ W\g T[x H_@h Vf""ju' X S Rk G Ap?n C!oa.+%=< F U E M Qb Ny{ez| O,sq#rm}-)( Z Y Ktd/: D J*$>]w-vi"
329," S G{r. J K A Cjgf O}i<q L M Z\ By T_[/u N|a Pw Is?ltc D""]kpv%( Y-o V$#e+-: U F X$ W) R Hmx!&znb*='d Q E;h@,>"
330,"! Z O_i|,bz% E$$vj>t Ik}?< S D@:] A;x L'\) J Clh#wq[pr B Mfe U*-( Tus P W R Hgdcym X Y{= G/a+& Von F N"" K Q-."
331,"nlqr I.kf]t S,+ Z%mg C}x Bdp P[! Uz_u{-c* Tb$e E(o G? X D) Wji Oy>&# H M""v V|-\$ A= N F; Ra Lh Y:/ K Q@ J's<w"
332,"g Zyaq N It Q Vh?%p,[< K:| G;xc Lf\{ Y! T O Fim$u B#""+rv E W A Pl*s. Uz M} X> S&j C Do]=ken H@ R/-w_bd$)'( J-"
333,"kz\ F Q J Ejf<nc$ A&'[ M]- P-uq V T_: Gi,e}h Z?s U;m%pg W=+ B*v K S Ra| X(d O/$! H{ Y Io Nxl# C"".@)w D>ybrt L"
334," Z Dj B Q{r O Afs%da I]/ F L X Y Pg N J>oe T;u< E+@-[""x)|b S(!n$ V_#? U*} Mkv&p W$ Rltym=hw'q Kz C.,:- Gi H\c"
335,"( Qk Ew$_v Vj-t,z=xr]i G+ U} C Dm* Ib> Xs S!una-')"" P| R[ Nd?l;gf#h Fe$ W T/{& Ayo L Yq<\cp% K B: H O M. Z@ J"
336," R>, J[|_w A\. Fcg# O D?)h Q'e Tbl! N Zmujo P Hv$ C}- U L;aiqy""-% Y$r X K<{*@]/k&(n= W+: Vf Ip G Msd Et Bx Sz"
337," B[=ak Gp(""n%: C, I Ny#u_je R|m D* M?@ Y Kl$v U-s.<{ X Oh Fgt J>f]iw/c E P+;d Hb Q$ Z Sx! Vo T}')z L A\ Wq&r-"
338,"|y"" Oh G-qa K,.$v E- W Uj Q Vblw B% F H R]gdn\o'{*u C Y$@#zpe Z_=i>()ks:& A N X}/ I T< Mt S; J?! Pr L+f Dc[mx"
339,"|t{[:;- X Olqd J]e$&} Ua( N Hy!*b C S G Mm D_"" Vv Yznok-$< If Q'%#c Aijsw/= B K E L F T,. R?x>p+\@ P Zhr Wug)"
340,"y Y O E Spt Bs- M|rd?_/!<\ Ij J[]""f K{q( X'g; D Q.m R,e$> L%zk* Fvl# Z& W)box P+ Nc} U: V T=@ Cui A G$hawn- H"
341,"%o| J\ Aq$d>#g, I Qt? Y= B""e)!.&s}i M P[ F Rw V'+ H*xf Tl(<j K N Z O Uk L D;r]ub_ma{ G Cpv-h$y@ W: X/nz Ec- S"
342,"c S Z C Fah Pj?p Ut-v W G@ D{ Q& E|e Aqx J-/b T X]=(#["" V<+ Ll N>guyi Is Rf_nwz Hr'\ K O*,$}.! M%:o Bmkd Y$);"
343,"ic\[* Bqy""._$ X N+@ Lg( Fh&kp Y U/%w Hx R$> Z D G Os Kol Q J E S T=)-] P|,v Mt{<rz-;'abn}m!e#f V I Aj? C W:ud"
344," Q|,?;kgu! I Hd# T'$(+ba/ Z Wt Y_ A M-v X&*%wpx E J. F D$ish V>:e[y-q B Lz N=n} K@ S Pm G){ O Ul]o<r"" Rc\f Cj"
345," X,qv' A D Z C N Ji Pt K{/c V$a I U Mx;#:oer H*k!d Wnz]) B Ys|}""(?+=. R Tb[gwj E<$\%f Sl O G&yh Q>mu_p F@- L-"
346,"g E[s%@y:x.unz H> Mdh*li+ Bj Ak|\ Ye< T=() C Z S X{r!?- Owf$q_ V, Qc G J'#m Wpv$ D}a I Rt&bo F P/"" K N;] L U-"
347," L_ N I$ X R D=[s C&:m Uz\fl Pp|%] W O>+) J Z-*""e V@? B.d Fyi< Kw E$' H, Qoc A#v G- Tatb Yq M}(k/rjx Sh!;nu{g"
348,"} Cp.nj/ Al G Ma Y K Zd D)crz?f# B I&o E;""v,u H(-%h\b Ss P{ Wt R F]>$@ J U V[qg T!iy=e-wx Q+_*|<$ Nm:k O L X'"
349,"* Y%eb_w!n)a S\ J:- D U Bc/lg Os Lh;. Q[x,j E@>$ A{fi P( F Mz+ G'v$ V Z C T=""-|?rkyqt K Ru H< W Xm}o I&d] N#p"
350," J$ Z%n/w? Kbe+z Y R N, X P-|! Iskr{ A:h B D) M> Hl Gf-o W Q@m<=y E&gd S U_ Cu F V*\;$ O""q Ltavxcp.j(#]i T'[}"
351,"u>*f B(! Sh{?nk Mt]/; F\ R<-q Ze|_ N[$#'x+ya Pvb: H I) Q G"" X A Kl, Lw Y}%j C Jrco Es@ O V= U D Tdzp$ W-mg.&i"
352," B Nm:f Ot;( Zy U H& I$d[$ Cc M W E<h Ln-- F? J\rg/ X*]u| P A,_ Ga! Q T Yqlp{ V'wevko""i+}zs K> Rj@.#%b) Dx S="
353,"$ G&{ Qan?]<yg!uo$r Ue>ih D S; M) J*/-} L V W|x'mcl_ Bf Yv C R A Kk F#bj.\ P[ N I= T-wz O Hp: Z E X""+q@,(dt%s"
354,"<:ya K P L&-.-{g, S! Y Jbni X@>h Qw+}"" W$ N H'$=rd Tuz# E Fcm( O\l I?;]*j M G%x U Aeq[t R Dsk)fo_ Z Bv/ V C|p"
355,"@jik= F? P> Zt Q."" K S|s_ R!-g N Vnq-fdcw G( X,l}huev$ H U T B I M:)r< J\'mba E D[; O L#y+z$%x W/{ Cp] A*o Y&"
356,"as<g> D*,[ E\h/ Tc: Ak H'v Wquf| Mp&d G. K- Ub)z{y F Oe J X} Ynm("" Z R C I N Lx-l=$ Pj S#r+ Qw? B Vt%;io$]@!_"
357,"g Y( Nod Vh? X- M Q%#;} H Js L G) Ejr<- Pt_ B[y F,] R U/! S Zb Tzwm|+\kc""qu.n O W Cl K&@*p I Daf':v${e>= Aix$"
358," Xrt+$ Rzvy{/c P*i O,-? N@ J; E>x B}&)b A$ Z W U Gh Y- Vagud C| Fekj H'f]nl=pm! Iw(_:[. T# L< S""\% Q K Mos Dq"
359,"m% T V} Fj-!? E D| A;gwl H=uv W) Pa B@ R Ip{q[* L&""<_ U:,b Go Qxy C+#f$h.(k Mz Z>'/n$is Xc Jt- S\ N] O Yd Kre"
360," Ls$x, Q O| Z P[w X C#- I Szc( Y Hb$):uhna@m}<l""> M?d A/ K* Ug N; G!f J. E+y D{]i_ Vr R Wk\%- Tpe& B=t' Fvjoq"
361," J+ Oe Db\ R Y X U-""|?p}@y<ci_rzk;vw Ng/* H W B, E L(s&f$ T' I]#xo K>-{h S P Qu.= Ajt[: Ml F!) Vq$ad G% Zn Cm"
362,"@\/ V'xe:kg U> G!f Pw Nro L Tjcp A*-.;}[z Bbt# Q H$%v J Z| Yy F<] K_ I M W$)l""a R X+ O C& D-,dmnq=(?{us Shi E"
363,"a G&@juwl{n/s! Di N<* F(y""?# R;mtv=_ C B') E Jzc|\.q Mk$[ox V-$ K I L S:b H]%p, Z}+ X Qfrh P Ygd>e O W A U T-"
364," K\a Y Vh X L W Hg F=z G Rlv/$e;|ot I O?{#> Tdqrm(""] Ji E. Dn&y@ A+ Z Qk'x-w_$! M%fb} B S C<) P, N[ Ujpus:c*-"
365,"{? F V;r:"" D# Ub O,m K& Yg L A/!'xkta\se B=lw} H T R En]%v Gy* J[(j Q<| P C_$f$@-iod I M N+p.q S- Xzcu W>)h Z"
366,"-k&?$( Jfc O\ V W'*# Ivi Ep F_ S<x L C A N, He Xo+n P@=-m U)wb D Kds>at! Mg G|yur B{j: Q% Y;]}/l. Th$ Z Rq[""z"
367,"@ C K?&<rej_% Q Gvi) F O' Ih Sla/$fmw#[x>] M D Xp{d\g Zt:q H|}y U- N! T( L W R P- B$o; Vc,+ Y= A*.u"" Jkzbs En"
368," A($\[> Fy|$a: X+*.q T Jm;'hl}]/k"" Q Ntnf? Ob R Y-_r-<) I, W Lw% Bi G C! Sxcvu E V P&{ Ud Z K Dj Mzspoeg@#= H"
369,"'fw Aa Ov) R$ H$;k(t! N]. Z}j: D/ Mqdn Jl Sp I Tz L Gm|{s,u- Xbg E""rc W-h\<% P F Qx Ue Ki+# V&@=* B[o?y> C Y_"
370,"y To[ S] A O|w+ V D Nv Bt Zz!.-n""h H Ws K?_{=),@xd G$ R M-& L Xr\fm C P Yb J Ec';(p%je:k}/l Qq>*ua#$ F Ii< Ug"
371,"*-? Ui_ M[-bs& Zk' E/p! Q:a. T| B P%} X;gx J{@> Ryd Fon I V)\ Aw,#j<q S Ne Y=v Cu$fz Lhc H]t$ O W Kmr D+l("" G"
372,"# S Z N. B,@t> X P Uk$ F Ti Lw-s[ Dnhj I Wblm*uev!=\ Edx?$'/zr]_p G Y}+fy K V Aq& M R| H- Q Coc({ Og; J<a)%"":"
373,"! Mfw/o($ S)+ Bz_["" C Nj P J W Ye A? L Qncprhi=' Zbd U Tg H>v R*a. G Kumk@|} Eqx&-; Xy-l\ Vt%#: Ds<{ O F,] I$"
374,"*] A.cf H,{ Q_n Kt Fdv=s|&$# Dw U- M E S P< Ta(l- R""\boezj!:iryh B@m/k; V>u N+ O? Lqp W X) G} Y[g% I Z$x C J'"
375,"k Ys M. Q$lm Hj% Fzqix G?hg#ref(> S N K@ U-c,y}:o O| J+_<- Tn) L{t C/; B P X Z""'[ Dp V Au I R E=v\]b!$w&*a Wd"
376,"v]l}! Q-[%a$)> K# X Ln E_* Wm@\,=/ Tw+f{t B Z'e A F(s.;|px Cik Hrd$y V Yo N P G D Jb<cq S I-& Oh? M""z U R:jug"
377," G Xbd* E I%a_ Bo Pv.<? U+$ W'= N Z D""jq(:cl; K F)feyru]\ R}t$ Qks H Jg@x Lm- S Ch- T,&p> M A!| On#w Y[iz V{/"
378,"q,(p Z Uoz?cv;xjl<+itsu Ja N""}|k G: M[ L)m]- S E._ K&h/ A Rbf Ty!w= Y@r B* I V C W-g% Q$ F\ Dn H Oe$'{ X># Pd"
379,"n Tj H&*mdg+).ewx[p= C Mk Q? E K# Lt_> W Na-c, A] P-: Z$ F D!@f B({ Oi/| U' Jo} S""sv<y% X I Vb Glu$q Yrzh\; R"
380,"{y(-z' H G Ia Vbut; Un-i?g Wk]%= K Lw Z Y$lmx\ Jf N Rp Aqr& Mdh:""!e P C>$+ D. T X#< F/v_ S,sj@} Q E B*o)|[c O"
381,"kj""e T' P Jc Qa Z G Hz Bg? D I}h/f%-s;u N&b Y[n\{ W K@- Lq*#( R] Oi!+x S)<: C_l$o$ Ev> Xy.dp,m U| Mw F=r Vt A"
382,"&/ I O-} S'vbs[; G{w<l:k Y"", V| J Ro.m Q(\fp K]@ C U$ Fa Hq- Zx N Lg Xd!tz T M_$)c+ E P? By>ru Wh Aj% Di=e*n#"
383,"+ S B$,& Oc= R H(: V;m C#f/. X U\ Kq Jr M W A Ne Th'jox| Y Z!k? Ilwy) D<ng Pb}_]i{zp*>td Q L- E[ F$a%v Gs@""u-"
384," M(<x W?n]) D O I-+z,lca V'$wp Xhi;%vt_k G C={ N&f*r: R\ P}o E!$ues L@|g F#/[ Z Q. A- Ujd Kyb Ym> Tq H"" J B S"
385,"= Aq-'r Txz_h Db C{i I Q@v?, Bc"" Mo<k\ Lp O Z K Eu H Ua)s}w&f J|.[>t F P W+; S%m$ Vyj:* N]-n(!g/edl R X Y G$#"
386,"x) Ci' J;}y>b< Y A N%kwue I{:h_d?j( F\ R D S|$sl K, T B#- X* Z O L Hgqn Gt""$ E- Mm. Up@[c Qf Wr+]o!z/va& P V="
387,") I*f Xbk;t R Q Y, E M:@z""c[d T_esmyq}=%h Dwp W K P#n U?|u!&- F/-i{a<'vg Lr] A O C($ N\+l Sj> Ho. V G J Z$ Bx"
388,"/$%? K Beo L;-@ Vxyu}f Yc{+p G=\q R[ M& S( Tw X-a Wn>r Pzk Aigm) Ud Oh Z! N I]lb Q""_'j| F.v E*s,< H$ C Jt#: D"
389,"c)( W$ S U D\!tf R Jmr C H&< K Qhnd"" Ox Iu X A=-lz*bp E Yg Z' N]@yiq?$ G P Lw B/|>;{ Fa T_[,+jeov}-k M. V%#:s"
390,"e:.$ R'>;m,-=xlv Lf Yz}p F?\$ W#! V) C& Jqw K Gk+_<gt{c@/ T%ou H[- X"" Ph Adb]r( M B U E Iin*ja Nys S D Q O| Z"
391," R]# Ja M G"" B,$g X Z- Ui)@= T:d H%mxj$|n! Eu L/ K Q{ O* Y}o?<f.yb;pz F(lqkt_\ Sche+ D' N> C Wvw I Pr-s&[ V A"
392," J$'{ Lq%g N V F Sh C) P!dk<#-i-f_(e Dl W M?v+nyx}b[ T Oz,$ Uawp|c\@ Es H& Zt=o"" Ij B A;m* R K Q/: X Gur Y]>."
393,"& W( J;= Uhy X'>e%zvw Cm Q T: O P.r Bpd#_ Y] Zo+q K"" Vj/k N M Ll D![t<, Agf$i Ea Rs F\{bn Hx S-c I*u@) G?$-|}"
394," A Ej F+> C\ Z$ Nf}@lwd D Y[|%)s Wc P=_ Lap Bx(*-io R' I{mqe H!u"" M Ub T:r;v<# G Xhy O Kng Qk V]&$/t.- S? Jz,"
395,"oh Uf A B:< Wz""#'ia Xb-$ Rm I},j$ K-)=d] V| Gw%(p>+ Z\ Ou. E{*! Sx@& D_[ Qg Ptn/ N Hck M; Fv Y C?s L Jelq Try"
396,"ve}p@( C I/? J<>= A""y:'os#&;g Ln_z Mf%ku R X O$c-xhmtw D|*, Q[ B G W P+ S\ Y{qd Z Ubj Vr K Nl$ H! T E. F])-ia"
397,"?;m%n K) P$& Twtg|' S( R\k: Mlqy[$ U W<=r,eu Gcb C>i]+ Jd F. Zaop-} X Y# V* Dhvs_f{ L Hx A N""! B O/ Q@-z E Ij"
398,");ly K F A+-a:vu.cemq X Y? Oi(wx L G|go Q Eh V N R T$f!% Js Z W""b},j[n=>&t H B@ S D P]z{d C I$pr\'k U-_*</ M#"
399,"<_ T Y$ Qx I)e P K""y Rq M C$ So Lna+ci Ng,| Ow@ Wzu!*p J Z>. E H( U X D} Bm-t?{sdjl/ Vvk' G#b F%-h=f;[r\] A&:"
400,";<z Y|( K@ Z U\ I&i O!c M)=,t Fsg?nwa_ye/*$ Ho B-mlf D N T% S] W P-p$r:j L}b G# R.q""xhu J{ V> A X+ Qk[v E'd C"
401,"- Zy' L K H|&)k*} J R, T Cw Uf Vqhe@u# Dlib% A._ga Fr:c;? Q E!$m/[ P""<n\(=ps S X$+-z Yd Ov M{>x N B G W Ijo]t"
402,"sy|;z#pm H}$ G X<&h- D Wc/ S P A]!(\+ Z"" Nfl) M' Fq$ Y% Ot-@ Vv:*ri?kw Q Rbn T B>j Iud,a K. Ee Lxo_ C J U{[g="
403,"'ew Qzj A/=k Ksvp)c[y X.{$""f I$ B_amn&i}? U Th% Jrut M C- O H@gl D\*+ Z G R<]> P! L S#bq Wod F;-|( V, E Y N:x"
404," U Yv| H O* Z Nf F R?wi G;\ P. I Ve& Qd!k Kpx(' J/+oa$,{}m= X""th A W-ngrbq Ll C-:_> E<]zsu M) B#@j%[ Sy D Tc$"
405,"> M%+#a:bpo Q?i}|e U$ A Yz K,w_vt@ W<*-x. Xd Rm Pr;yh Njl C= G{[s-] J S\!("" V L/g B)c$q Zk O& T En Df I' F Hu"
406,"_/ap[ X Oz Ni F I-v<dh R T&"" H- Ly U% V E J Sg M$r?+wb Q{ Z! Plq* D$co,je Y W C> B A: G|=@u]\}fnm) K(xt#.'sk;"
407,". Ay""},%\ H P)|u X V L-/ G>n(x Clgqo J K?w I Rm F Z M& Dt#+=jp$z; N!v Th W]* Q E Y Sc'i<k_[d:r-s U$ab{e O@ Bf"
408,"v H*@f+|' K< Iyg T/:x J[\ G Dw]ju(m R? C Non S. O X L-ksc Z Y; B_i!%, Wr"" E$al>q&} Qh Azd#){ Up F-bet=$ V P M"
409," C W T\i;<#/o Ba+ Nx= S]u|f>y$ E$?w O{@,v K' F_n I Yr P& Jcg*"" Q D A M.t[}hdl R Hs(bkz: V U)qejp!% Z-- Lm X G"
410," Z| Sfeg%&_"" Q{ P Hi- T Epcn)j+!* X@l=] O W A/z L# Bqskud[$, U(yw-b Rr$ Mm J Gx N> V K F\;ao Y. C? Ih<t}v:' D"
411," V$'l) Fv Xq!f Ae E}r Bpj Pd Ih, T% Z[o S<z] Nit D M Hy Qn/xg. K? Ua J Y@#|>&+ R$ G Osb= W\;:-u- L C_(m*c{k""w"
412,"k P Lo, Su B""(\_ K/ X Rrn@]aw Oed$h T Wx N Ffg G|& E C;)y.%q-! Ac-{*+=}pj?' Q Z>s Dz#v I U:bm$i[ Y< Jlt M V H"
413,"na,s!lc R H K Vq Oz$w} T C|uh{ Efj L) M Uo Q- I= Yb/y_[ W Xv*<+( A\; Z]&?ik$""% G Jg:@ D'>r Se P. Fdx Np B#m-t"
414,"g=]& M}w(d-< H-b$#{ Ox Ps Le) Kc@ N S W.'t\+: C Qp Gmu J""*%, B? Rk E Th!a Y[_/ X;| Vli Zov> If Fyrqj D$z Un A"
415,"# F L&v;) E$x Uw\ Rs"" C Ah N(f*.>be Qcd+?{pal S Jj< P$r Mm T]} B[% Y D|ky:= O Xqz H Wn- I Z_-@!t/i Ku V G'og,"
416,"fbni Gl--) L, O]ej E Z/q W Iy M K@ Na}kx#[h B' C Uo Q Pz?g(p S;{>$m.\suv!& J:*<+ F_ H T X D| V Y%$cw R=""td Ar"
417,"!u J M$cj]""?/}-qy Bvr W Dh$.p E;bl K)%kf\( Hwza C, Ii X Gs[* Q Z L{'mt= R:&de+ Ug N_ P-@ S Y# Oo Ax>| F<n T V"
418,"ts} Lo)u Rn T- Bb=m F J@! D- Pjv]'h* K[( A C I Gf Sy#kze Zpd Xq Q Yc{ V$ Hw/;ir. W?l M| U\% E"":+ N>g,xa_ O&$<"
419," Zqe= C}<g)$ldr]o&z+ W[ T/ E%_.xt O H P Ac*a#|p! J(\ X-bk U I D G> Ni, S"" L M{$s Km;w- Qhy Y:?u R@ Bf Fjnv V'"
420," Ux= Nt. Ey C/ql Mu] Az$, Sw(_ T}-? F| X V*b+i Q{ L I@kg>s! J W P""e Zv:%<p&)#$' D Yf\j B Gmr[ Oncd K R-;a Hho"
421,"j P/(vp?*= Th G#d| E} W,+ K{ix Dl X Q Bybuo>] R! Ug- I%a'w Ns$@r._;f Jc&)- Z M<nm V C Ozk H:$ S\[ L A Fqet Y"""
422,"!r;&t_/. C Q S\nw N K*""qzi Yca< Jjs F Xb U I-p=+,} Hx Df W$? Z]e>k V Rg$:)md M Pl[% A#h E'|v G B Lu@oy O( T{-"
423," Zvh- S/\{z U*;d A@kgb E< R N W Fj% B Cf Jnspa Q}-, Dul X K: L#[ Pt Tq]( G O$x=>|e V'!&$oy H_w Y.+c"" M?r Im)i"
424," Kgcy' H+j D Oit}%> I X L U{x F Sn Q P""d A|/r Bl.]:<km! Vp_; J Y Ga#uz?$-b R& Moe@h$\f W=)w Cq[(s N* Z- Ev T,"
425,"{ B P>'p Nx J R U$ Q| Z?*< V! F/z% C)im S+ Y#ls E& O@q A$hv_ocd-ju}y"" Xf H=] D[; Kg-\ak L G M W(w,neb. Tt:r I"
426,"{l B Q_ Oxbm* A Nt Gc>#,e Zz-o W\w Iq$j K)]! Xg C( F Y<h"" L T-a@ V&yrn%} Ek/id M;. Us=?+ R S J D|u: P$v Hf'p["
427," R!yp'au> Vf=-l\c& J?[_;<%t U Xojgr Gw P Y N$v+:n@q H Dk K E""/ Ts] O*)eim S#b C F}| I W Zzh${,x-. Md( B Q A L"
428,"\= M:x;j Tc N? O A#gi' Dt Eh,_ Lk& Pa G C@$sb/.-m Wp[ I Y}v>w S)n< Xql B* J Q U- K Z% Fr V$z H]uf Rdy|e!+o({"""
429,"g#r[n{./wu V Eo Mvs P Be_c:@= I($ A Gaz? Q Xh-lktd\f}p W Km; N S J L% H C D|j U$yb Y F! Z'<"") Rq*x&>, O-i+] T"
430,"k|tf Uw,] I Ba<x T- D R Sm Aq Gv Fd Z=n P X(y'c@l}% J$&[*s:gz E V C Qi;j H!-?) L#+u O{ Nr_e/o Kp$. M Y"" Wh\>b"
431,"xg;: T%& M. N O R) J\ K-|- Slb Vn{'yh,}e C?*o Z[/ L@ A G>t Xfs_az! U Bd W$] F Pj#iqvu E""=w I$ Y Q H(<pk+ Dcrm"
432,"v C N Zxs O_%!)$ U:e M|or Hfg E V-q{; F-t& Wn K Sc Xja L@$l A I*\m(yd,'i D. R G> Q#p J=]z B? Tk/""+w[h Y Pu}<b"
433," Qx Y""( T A I U-: C=l? L|fy$<\' Js>q*z N]e,wpr G) B K O H![ S Pjc Z D&@g Wh+; X Muba$mit. R{dn%o Ek_ V/ F-#}v"
434," V L Sb: A|""#x{ H+w-j&] Jyz R G-d Wu D Pl Z'$ I T B%[ C* Ko<qv> Mt Y)a X;. Nf Qm_p Eh$k F!}sng,?e U/\=@(icr O"
435,"t: J*o K#x Od N P Szv,b.% Euyi[e G-&< Zl= A Y>h|ns'])/?_+ C-r{ U$ Xamw Qj$; R Vq Mkgf I F!\ D Lp Wc T""}@( H B"
436,"\ K% P! V Q B Jz Uxb Omal/sj(| M-e- Gqu.w#k C T Sn$}h,']* E_; Yg[d X?y:v Z N W$ F@+""<t&if>)po= R D Ac Hr L{ I"
437,"% F: X,(! A Lb Knv Bt J Diqs R T S G H Z<l+@pu$-* Uh$w?f]m=a)' Pj""_|oy.} V I Ndz Wk/x M\{&gr C- E O[ Y Qce#;>"
438,"ua J Z G! C[d Ej P$kp:gw Rm V N K-/ Iyxnstl_' M?<i S"" W>\ D T@%-; X]+f|#,r Yc B&} Hh{ F L*q Ub Aoev$ O)=(z Q."
439," H, Z V G Oq'pud)$/ S W T D-ltc""b F&?%ga}\ U:x E[w A X R.n M Izhm Yv@y B Q$-(*>;=rskfi|] Ne L{ P Jo C_ K!#j<+"
440,"$ Gy,h.<?!> Vo Tj I H Zl| Q/kv&%)f K W= L]_"" R-u X@* F Das+d S Eb- B; Ctg'{$ Yq\ O}e Nw Jmpni:[r( Mz#c Ux A P"
441," Ti-)(:f E Z= O U S Iwz#{u W Vql\ Kp_ X< H, Cvx Q Y Djn R+]d}@'hgyt? P|>-""ms/ N G. Ao$ F*$c;r%&e B Lba M! J[k"
442,"?>+:aze F I Dd$)b&ft, Vv"" R G Ng{= Q._$ Jrpos Twn X(- M E-uc< W S Cqx[\ H Z K O P# B'ik Y};| Lm]@jy* A! Ul%h/"
443," Q U Ah'$"" M@| Er;./wy B*{ I(> F W%n+-z,-?$:u Z}dvxa C) T]= P![# Rgi Y Olqje X D Jt_ Vbpk Hf N&o\ L<cs G Km S"
444,"esf\ V E@ Z Pixcb Y A Q& M<$ R""q/ Jrd N|}z)h{,tk H K X:w> D T-g(. C* Uo+j G W;% L B!'#-y$]umn S I[?vp O_al F="
445,"=a E\} Q> K$i(# X_ Pb Fk Uy R I C Avp D"" H M:w+;)c Ot'$e?-/l Go&|zmg Lx Y W% B@u V S N,*-sdf]q J{< Zr Tnj![h."
446," L|) M W N Kbm@+ A( Go{z Jv]rdq P I S. C Q U\/'?*}p> R E!$=xs_wj H X Vl$ Y[f& Z#-,i F""g Tt Bc<kyh%a:u O Dn-e;"
447,"]v\ R Q X W/-( H? K Nxf|{s Td J.ub S Vn A;&$:y[k F Z! B$q) D%m_li'ec+}gw< Y""*-#tap I L C=@j Oh Ur Go, E P>z M"
448," D J L&, A- Y*-) I': Vq G] Uy+t B/.vg} Qe K$[cri Z=fx< N\@|h P C{? O_ R S T$nuod H M("" E! Wakl Xjbw#m;zs>%p F"
449,"- On_ Q I,@ L' D Ubc?rq Mk Z X. H Nas* F& Y}w C T R""m<di%e(p W Klj S\-h E);|!>:$xg A{ V$ Gt P]y=vz#/ Bf J+u[o"
450," Q-br@=v< Dkg T$i I R|_[y#q F Hh.a+l N} B Ou C E;: Kj X& M(t Ufmoxp!e>n Y L- Z$w?"" G] W P V%,)z/ Sc As'{\d J*"
451,"k> N% Z G:<{'l V R E.)u$f L Q$ S]-+ X Y|\ Memhv F}g?a/ Koti H*-dqy W Cz&_n D;( Us B@ I! P[#pwx O"" A=,c Tjbr J"
452,"j('[ Zm F In Bk+ Y\ L?!o# X Gs N Elu H>/d$h}*- C."" M, Kebtiw: V% R U Ac O$ Sv W={;& T)zyax D@-]fr< Q_p P Jgq|"
453,"ei Cm]of""g J Z&$< Aty Lbw,}za/v R%r; G D U F N|_ X-u W+-l Yj) Qp$s B?c>*=q E! T[@d I' S M\:n H K V( P Ok{h.#x"
454," P-({]#fq Kl Mn>p D Z;*=h|$ue X E Jb.\im_s Wtvd""!y@j- Cr Yk Sg G U Vwz< Qx%) Aac}:'&+ F[ H O N T L/ R$o? B I,"
455,"fr% N{ G#/$ Q Umv Tnj\-""[| I*wc@y<i Ye&t Pa A L; Z Jh_xg V$ K F C?( E+ Md- R Sb' W.s B>zqlu H=o:k) X! Dp O]},"
456,"<ix R' Ql E( W Iw H F> Yn Nu Pgyd)v& Upesq]ft T L X_ G:{ K""j D| Vo.c$ C S%b=@ Zz-m A/kh O\ M}? B+#,;r![-$*a J"
457,"ns?yu* D Y.ro Tw W K$]d_>ih Jl( Q+v) Z R[f P Fe' U%"" O-a Czbm#=p- Lx St A$ B M H Vq N<@ Xk:,c I&}! G Ejg\;/{|"
458,"), C( Wtol Y X N+ Ms|vbic[? G}- B\/$_@uf I]g Ta J Ey&' D Q Pr# K%>*d-z L! Oj V{x$ R H A F: Uep=hqk S Z.""w;m<n"
459," B Ro Q Uu#!|d( Nxib{]t M;v V We':$-&""cs X?> F.-< G*/$y@ I Azn Swh} E Za_ Y D L Hjl)k+f%=m\ K P[ Ogrp Jq, T C"
460,"_ L Izd Jica& Eu+-(ow K: Wbeq X G#, Yg=v B} F Zf\* Vnr' P%$ A?) Q!sh""]t@ Cx-. N{;/jl D Mp< R U$ Hym> O| T Sk["
461,"=:<{f& I. Oq; Wo> Nc R| M[ Grk Y B@ Ubm Kdwj?vy S H P- V-)$azn A C F E,+sg$]h_""!\}(p Q#x T'% Z X Du/i*el J Lt"
462,"b S V- D@-'y;\ C U P?]_)/ T< G.e M Bz Ya[( R Ej$p% O Q>l{g! K,kuhd H Jv=r# Af: Fq+ I}m& N Xo|xtwni Lc$s W*"" Z"
463,"e T Cz-: E-w/ Sig R* P O Lf\ N J& Wa[+mo} H$ Qnq= Y] M A$l%t?shp K!,|b Iv Uc; B F>k Z Dy V.( G""x) X@d{u#<'rj_"
464,"mb L""sw&eg/,; Jrt Kl< F B Q!z{ I.%\$ N#v+dp= E P H R*- M G Y>a O Vh]i)nu( Dk? Sj[ C$- T Uf':}c@y|_ A Z W Xqxo"
465," H Oiv"" Nb_ Z./ T( R= Yean A W? C- I$- M F:los Bpqzmt U}#+fx Pky|u,\% Xh$ D<j[ Q]d)r! G E@g K*{c Vw'&; S L J>"
466,"ya U L.,! T[ K Mu(/)lqzer%?d Wt#$p G- Q V+ E>$ Z]=<b Jnk;h_@w O: F Dvsi} Y\gx Xc A* B|&- Cj S Pm'f H Io N""{ R"
467,";d! K|:\qt/h L A*s} R Y-ib S_y Wmzew"">k@rjg J?-[(o H E I. F Q)v G' V O N<c Z&$]% P C U$ Mx,anf{p#lu X T+ D= B"
468,"[- Bz$l F_< H+)/ W.v$ C}&,%(bs Lj Zm K{;g N Uf* T Otkp|e:n# Qyd>x@q' D- Eo Pwa"" J Mi Y= S Rh A X?]\ Vr G Ic!u"
469,") B$p- Q V{d%a Mf Z S= Ur,m( J+i Cy E I O; N\.""w G|eq Kk- X Tj*z F@s Hcx P] W L Ag#! Y$ D}_>?&o[bnl<v:/hu't R"
470,"_o@ K Frt Ujy\=) H G Sucze Yd.f-*-n$""'h{?k+!}, B O< Xba C T J> Rw Al Exi&([ D: V Z Q$#% I/spmv N L;|] W Mqg P"
471,"-[ F=>' A{ R#@|yzjx*ng V< Yq-vm""+/( Q L Jr Ii!b N&fla)?%\ D$. Xdsc K: Z Tt M Pu$ H;w So G We_hpk, U E B C]} O"
472,"i-u@ Da Lb Sf,*d:o K I)}+h!xe Uw_. F M Q{ Wrq& G B J$ Xn?=#gy|[]"" Yz H Op V%$vcs'>k R E\; T Nt P/-j< C Am( Zl"
473,""">t E R C(+ S.]|icla\j#qw<k&x A?[ Q I: Hgrf{' D;y% K B* Znd X P M Goe$=!, W N$b- Om T Jzs}p Uh V)- Y Lu_@v/ F"
474," Vxi F W$*@#uh\-q T Ik[g&p Eo Dvl%e Z(,}s/ H N G|_fy B Ya U> Pc C; A J<bwtn!: Lm)dz]r$ R O.' Mj?-"" X S{+ Q K="
475," Dq@ Uy? W I L Ekp""+]$e H>= V Sobu' B M.if Prh J%#;tj}-mn\:_ R* O{-g$l[< Xa A C Y K&d N G T,(!z/xc)s F Z|wv Q"
476,", Syi} W@|[nre D K U X Eh# T A L Z- Yj*p B I R$]%k$&=/oga G Cwt+z) Jlvqd:!bs( Muf{ V.x P N Q\ H O?m_';<"" F>c-"
477," M%s U R/(&,l$ Ly@ Jc{=q;h+-- B Ei$"" Qjz C X Of D Z K N|e#d:>r*_< G'vkb.?w To W P Hma\ S Ipn[!) Yut V]x A} Fg"
478," Qgq L Xl=/@v] U_ M:! I Ac$e J{# Vf Rt&ou""m T Pin- W S') Y<ax->d D? Nsj G B*hw K\}[(k% Zb+.,p| F$ E;rz Oy H C"
479,"[nt- Le I Q=_ K%o| Pqih/ S C T Rxb?$ D U! G Zjf-a{pw( A N F, Bg J)y} H V W X:"" Mm]$>z O Y'\ur*&;# E+<ld.v@skc"
480,"fb Ee*l[-ctu(# Zw U""$s% K Ri-{: Jrz} Paj L Y=)<o W@ H$d Ap B; Q&v Ih Xy T Mk]!\ G| C_/ Dg>' Vm, S.x F?qn+ O N"
481,"m(] Rr Cx M J: Psf Zq"" F-&zne#haciglk,$/{ H; Yu[=y E\!t O X)b Id D V K'$ W+ Nv A G% Tp Bo|_ L.< Sj-} Q U?@>*w"
482,"$b Vl);z Rr Wc$ G_-> Pkt/?%{ M:. Emfp Ta U Kx C< L=o Zn\e}w+v Q&gq Y H A#sj, S O X* I!""dh B|-y N(@ Du Fi' J]["
483," I$ T| G Q#b?t R P@l Ky($gv;&,-p/ Wo B% C Vd> A Dq+c=<z!a.\* Mx J S Nn_r:[m X Ewji]hsk U Hf{e Zu F Y-"" L)}' O"
484," W- H,o@ A)(""x Dt[ Us*+# B N$u<pv Qd'h E; S R{l:& Gi$} Y F_%|\r Me J Kc Z=fkaq Lg-bw]/z C. I Ty Pm? X V>nj! O"
485," Tm#*dj A J; U L Iv W H] C G Y. Bl[ O Zz+bx Fgq Norw/ap P>yt Q)nk:&f@ X's M} S""{!he? E, D R V_u($-i$<\%c- K|="
486,"h S Ni X|x Mu""y= Qw Gg#z.[l{ P Ya A Zsjon) Je Ct*:v D Oq R?<> E Ip%@fkc L+&-] W H T'/} V\b K Um( F_;$d$!,r- B"
487,",a W|&t_ Dz X N Im<] Y R G Z+{q#:h V$ Md Acr)bxu/!s' B-w Ep"" O*}\e. P Sj([f L% Cn- Q= Ho@ik U Kg? F$yl;v T> J"
488,"u&m C Fvb_glw>j@](:d{ Bt Ga# A Spi,| L$ P;r Y T Uk/ Dceq) No I Wzy$ Ms K-<* E\ Zh""!= H X J-.f% Q[ R'? V On+x}"
489,"g_& F)+ A* Epe?-n- Y!xb:(} D| I X$$ P/ Lfc Rtj U[ayd Q Z\%i#""ru M J@ Gov W O,;q Cz'k]w H Nl= B V S.m Ks T>h{<"
490,"g? I C P Zpwl-*n: A< Yz Fj Ekcs O Hq,t.-_ D L)i Nydmv;+ Ka$ Q}""/\$! M%=' G{x[ B# Rb W@ Tu](f Xrh|>e U So J V&"
491,"k;z P,cwgv| G R T""=}s Y#lpn At U C/-_*bjd J% X@ I! D> O< Sqx$( Bo?f) Qe: M\+a Z$. Euh'{ N Fi H V W L&y-r] K[m"
492,": Vy$zft G{?\<% U N B M Q W-,[kp& R/@ T+sm Oa K=v X-( H C}' A"" F L>lgb$)_ Suhij; Jo|]!.q Pw# E Yr D* Iexcn Zd"
493,"bw.\<i, F(!xd Yl D]* Rm-p Pn#' X$ I Vj@h| J S{ Kq+a Zk_e"" B}$ Mf Q Azc- Lt;> U?g C& O%: Es N=vr/ W[y Tu H) Go"
494,"[&n Z Dkt'h|o C%.c/i:*vf""- Wa=){ Uz Lrd J G}>$, Ts Rj_ Ye# B X M Plp O- Fm H A@!y;b Iqgux( N S E< Q? V\w$]+ K"
495,"/_ R@ C Q X}au[ Jnzc:#f;|w Nd) V I""x K P( W Z F-v Y U Ah{j S\?,$.t Ey]! Mg Dbq'e B T> Ol%$+& Hmsr L=pk- Gi*o<"
496,"""()dq Y X G&{cpjn Kh!x P'o,.#i$_ M-\g}z*% Q C=+ Nfe S] Ay Evl?: W H R B-ts@ T;|w O I F J U>[<umrb L Zk V/ D$a"
497," O M S%[ Gp E I(z} Wyv Z=a D-c Y{$ Ai+/g?>""m Hl*;k K&t N Vbj Q_. J' F!u, P@ L X-#:<n C T U]d) R Bw\q$hrsfo|ex"
498,"z!+bpxe: Owyu A Nq D? Y Qhgic'v-_ K T E M*o Zj Bn[;]# X G$% H S/,<(s&. F}- Vf J>""rmtd=\{ I|)k Wl$ P L Ra@ C U"
499," Nf* A P- Qbe Dp F) Z R/zc T#[? Ux V J I H;s- W S$]:o{ M Oyjq'a(. B""g}|\rk K% Y G!d+ L$<l,> Ctnv X=um&wi@ Eh_"
500,"sn' Alpui Tk P W/!*$ha N H#j L Sw R Bz Cmy| D Kvq Ob:,%{ V< F I G""\@? Q)] E= Jefx+ U Z_t(};> Mc-&dr.o Y X$[-g"
501," Fofmq+' Iu Ky X. U&w Wrsp_ V Y[v-)! H(""\=*{ Cj] O/k M%g| D?#e Qt Lc Siz,x R;$ E A} Pn B Z$> G@b< J Tlhd:a- N"
502," Df Tpl|_ H Fm Ot C"" A*! R Z%d/ Iv Q@-z E+ J.n Ybu P-{, W} Va G; U?:# Nrw$>oe=h L S<s$[ M Bik'xy& Xgj\c(q) K]"
503," B&|x( O< Pup+/ E].vk'dt Y{)> T} Wr M G#= J$*i\-!lfy,% K La[qc Zwsgoj C F Qb A X S I:$ Rm_n U;z V H N?h@- D""e"
504,"?rt}$ Q=, H R Nwzv@|( Sp Jxq Ii Xb{ O) Dogd G Vc$ Ce Z F Au B]+y M'm>& K T_\fan%* U Y-k; P!<#:[h"".lj/ E W Ls-"
505," Ma H=v En(kh Q- K>]j Gfy_?geluzb* D,#w{@!% Aq Om X Co R J B'sr S F L Tdi.&): P} Nc W"" Z U-$ I|t\$/p[ V+;x Y<"
506," Zhr Ju| Hownv,z!$ T E By R M N Ud> Q/{&] I""x Y G V?i F;<[p W}l' D-jct_ S A%:\#(+agkf@ X K C*)= Om.bs L$e-q P"
507,"kd/_m F{ Cq W# D[ J(j=%$rc>u}+ M Xz-.?t T\*x|,b Qaf A E S&"" I's<$ Pl Lo H) Vn R K! O N@-w Bpy Y: Zi Ue]g;h Gv"
508," C E=>$c Ajv) R- L] Y B"" W T%{ Kpn$ Nd@u?g} Z I|[a<& G V\ Ho Pq, M:fhl S Qb!t Oe( Uy'#z+ X D F; Jxwk/ms*i._-r"
509,"(| C Sa/+z, Hv I R_>t-w K T@) N\g<cj-s V P].krx}! Q= W A Je M[ O Zql Fho L D B U;%*&$d{n""'ybm: E? Xf#pui Y G$"
510,"<#o&$=;$] W Rc_p Ht Y U) Q* G Ld}w'e%s Ji! B Z""x Ou\k? I M P X- Fb A:>q Dfr Cg/ V.jv E S,l[{am+@ Knzh(-| Ty N"
511," V{ Q A< B=u/ H D U I L Fef Zs R Kdk;, E?'wo}j Xb]nml Nh$\ T![t%_-( S@-# C: Mq Wv J Pypi|).*r Ogz$x Y+&c"" G>a"
512,"v]i A} T& P Co?-q Q E L$ G-c Wm V_y)s*@n Z$ S Btk>x""\=(f H.[ D R% Ol/ Fad Jr!{ N|h: U Yj Kwu X'<+,;b Mz Ip#ge"
513," Ur*c O Im@s"" X K B./ Q-jn J?-u]wvb' Rl A T\d#}> L N[ox My Y H Z S<t(;z Eg|$f W) Die&: F%a_h G P, V+!k C={qp$"
514,">grj')%k W Z K B._ P= Asn X J S I O*le/{[ M|a$w\iqmx U$ G R(d D+u, Q@-yc<hv N];p- V#""&o F Ef! L? Yb: Tt C H}z"
515,"pef- Y Z Kc{*] Jr C Sam Au.[ I O:x R<-iy}n? Nhs D= G$_ Q> U""# Wo E M F Hqgzt& B;wd'k)l|\, V/!j P$(% Lbv T X@+"
516," W){v' T}j.mtydb,-@/z F Q M R*h Eg O| Aa G!u B Kq D""<[ U I= Xl_$i;ews]>%#\? Cxknr Y S&( Hc+f Jo- P: V Z L$ Np"
517," Ep] Zjdnl L Ot W_&#a D N!q$s; Y Bvh[ J> K P C Rfx,\(g A T: V F U' I%.?} H S Q*b)k=ri-e-um+$</cz Go{y@ X M|w"""
518,"vz]o($ X{ T E- N[gdm:#\ L/& C Fhakleb Z I Qu@%>; Gtc Ap Jq?_""+i R*, P Y Kw'rny S Wxj-}.) Df| M< B$ U O! H= Vs"
519,"{q,-}& Hnk/ L!| She W Gp X I Yjw@t Cb<% O V A F"" R M$ U(a P+*s:i? Byum#o N= Q;g[>\ E]-_ J Z$f. Krv)x D Td'lcz"
520," C) U""}!t J--bcy.gxj Z;*@k Os(] B Vr M< X+{ W| L N Eqe K Hwdvm#u D&$\= Y P' A T[% F/,?azi Ilo_ Qhpf G Sn$ R>:"
521,"-= Sa Ceg G% Hwp_/n$ A V# E' W Uzlt L""j Z I]m[|;*b Ok<:c\h{ R Js B Y! D Toy M K Pi N Qv$(>drx+u,- Xf@. F&q?})"
522,"p Z*= X_/<n)]! Ll&qi Qr,o C O V. G D- F('f>g Izv| H+? Eam- Y B M A:;[bh N} W K Us Jw\k$ T""u{yd S$%e Rxc#@t Pj"
523,"{vx Zt-?- K,_m""cb Sl T Fnj@a N&:fup L| Gsk$ P\*y% D/} Y+.=z($ M R B E[; Ai> Cr O V H J]eh W Uq'<dow!g I X Q)#"
524,"+- G[a. Wbdq Tr(t Q S Z]{ As X Ym? R=y$$f Du Vil U Jj@;&hv K)\| I_k L:<,-%} F/ Bp"" C*cw Pn>gz N H E#!e O Mox'"
525," L)h""}f/: Q Kb-&,{\ Sqml T V J$g]v$ws_y O G-o@<pe!tja# W Ic B+> Pd A D|=;nu[%( X R M N Hzi Fr. Z? Yx U E*' Ck"
526," Wg E N-!e}z( Z O>q@n%at L U+uo M- S$ X:s# J Ir; G\|] Cvd/y F$fj"" Y Q&.b T K{)i<wcl'p A R[mx*= V P B_ D?, Hhk"
527,"$'o W De Uft.&#sn<j@q Q= E A C\$[kh Y""% Tc:z- S_m J(! X Nl Zu|ab] H R F,d V G L}+p-; B> Mi/) Ix O*?wgv P{ry K"
528,"k- Al R Pex(=vw|y-* S Ng' O Q\ho]) Z K;>z Yr_f! E B H[ Wnua M""+ Vi Ts: D, C/c?< U&{jpdm$ X}qt G Jb L I. F$%@#"
529,"m No""< Z O)-{ J D Grxpk( M V_[}$ S;nvt X'+ W Ilbj@d:f L. F| U?cyag*/! P A H\ Y B R C Tize&, Eswq]h-u>=#$ K% Q"
530," Z]x@ M$t% A<}i-vf| U#$*':( Ju P Q+z.c,s>! I Vk H? Y R[n Wm/)hw Kp C""g N{ G&ae_b B D Er X T- S O F;=jqdlo Ly\"
531,"$+;: J Z/]b>hy V$.i}l N(z\, X Imu La Te A{f U F D Md H E= Sq<k C-t Oc'w P&? Q# R_sxovg K%j|p*r W-"" G!n[)@ B Y"
532,"{' Kr+u E V>w Ny:# Gi. F(@o\ Oea Ij P)c L X Wh Jn-&x<, C_ Y}m% Z M"" Afg D R H;$]q- U[? B T!zkl*$sb/tdp Qv S=|"
533,"ya R P J K# D-= Cqnjv%[-""e Q]$&m N E'u Mt Z Ap F,/?)}l S_hxs>d\z(r I Bb L.$; U!o O Gwkf Tc<|g@+ H*:i X Y V W{"
534,"p Zy-*g$u J A> Cl T Ef#""b P Mwje\=r K O{?c Qz| H Gx}a< Wi Lm+(! B V% X Ud@$kh F R&] I_osn' N-/.: D Y; St),q[v"
535,"-}< Uq M%y R Hu B S*?)kn.{_\@ Tjc G C F& Zt W/ X Dd$ Q O: E] L,[+lp!s N J- Ir'xh Yob Vaie# K($g=>|;""fm Awvz P"
536,">gz Siw;|@s L] C G=&f-lx O Q*' D Pdch Hm Fu M{$ Zq$.)yp#(: Nj X A!ab/+,\?ok U[% W} J_ V T I"" K Yr Bvnt E R-e<"
537,"lm J}t] L Y/%. X Zf T!v Ko$ S[i+$k Gurhaj F) A&> N@ Qx V O? I(y Mp H Pds,' Rb-qw Ez C\""g{-;c*n Ue|<=_ D:# B W"
538," L N Tq( M Qpi>k P J{ O]-= X Z|#&u R Ggx) U D""om Wwtys-c Fz Yn+/ C H<@ A!\';? Kfe:ja I$[%l,*$} Bhrd E S.bv_ V"
539,"$&k Yzc"" Eb%.faviy- Tpj N/ Rx K- X Aol W#w?\ Q H)e@< Inm O_$> J[]t L S Cd Gs D V M+; B( Z F!q}'hu P{*r|g:=, U"
540,"-/b R_ X F% L A Ea]j V O'>$ Kk:< M Qp*c Y"".={lez B Jv$f Wm Z D H?r(sqnu#; T G, S@} Uio!gy\ P| C+& Idx) Nwht[-"
541," Id V]$ R K X D N-+ Q$ Z>"" Exlq Pm?&=;nhrgu O Ya{( G- J*wv%_' U@:c M/b, L A| Ttzs Wfop H Fe}\. Bkj C!<)#iy S["
542,""" Q-@p{] X<-+ Yj W S!/ J Ee H P Au>zh C[;\yv|&x,# R Oc G)$on Uabtlw}= V Iigs Lq$m% Zkr B?df D. M*: K' F( T N_"
543,"# S I Z! M H>p Pv Gz Xq@u T Ofy<?$[*ax J= V K|']h,m- E- Yne_ Q;) B R/ U% Li{k Ct.} Nlocjg:( Fws+r\""b&d W$ A D"
544,"&wy T]v Fj Qzr W X O Ka+ V I%el$dg: N/\ H Rtbn*-} D' S? Gx""{ M=@u L$ Um) Zc[-sp J(> Pio B<.h!_; E|k A# Cf,q Y"
545,"ryx H Z\ T!{-lvt/|u L D$:#- P)"" Aw@ J I E?mf_ Ooeb=< Ynzh( N Vp*>%j Rq Xg F; Wd.,s$ M&]+cki' B S}[ Q Ca K G U"
546,"w: Dcktqou.- F} Ip'z+= X R@$ Jml{->sj M Gg$ K? H W,e<a E] Cx T Pby S O[_"") A|*n Y U(i B! Vh/;r#% Qv& Zd L\ Nf"
547,"k_=> S?#vt V+ Gd M Cx/% K Uqg$j*f( B N@ W.e;um|}$"" Z E Dh X\sa Q A P)-cin, Lr-&{l J T'[y Oo Y!<w] H:z F Ib Rp"
548,"x Hw L$h J+{(pn;kz# K\"" M X_]% B Y Wl Eg[m* Oc It Aj P Cs Vi! Tya D Z R=:o Nbu U Q/&>@'-q G?er F) Sd<-.f$}|,v"
549," G=. E;>! O Q I Sbfi: M$/ P Uahs Z( R)""g< Bq&% Kwt T+k W,-]* D V?z H L{@ Avrl\$ X Ne F J_'#u- C}ynpc[djo|mx Y"
550,"m K:| Tw]\>z Ml+*d= By Y$, Dv< E@ Ja Pxp N H/c}g X{?)""' O(s W! Z%&nj[ Ief R#$ L-oq G-bitu Sr.; V U Q_ A Ckh F"
551,"% Enu> Vms@= R'; Mo*_) S F+h,tp L Y? Xk C]# I$\ B(<c Niz Zw W.v Je Ux&| Ql-b O A Prgq!ad-} T""f D K[ H$j G:y{/"
552,":br Gzj Hp E M C+ R]wng X-m Y( V-=* N Koquy{;|t&f?a D.v I<, Q\el Z'i B_""[># U P Ok! L%@ Th A F$d/ S)}s Jcx$ W"
553,"y Bo*wi Mv) O K"" L$zp S%c- T R&<=k- Y| J; Zng I+ V Dh$ U[u'm@}{xa! F Q W Hbl/ C:_,q( Get. Pf Xj N#>r]\s Ed? A"
554," Z I? Vi+b A Qh'f R<%z D N Wunjr$ Km,_] B G[ S;*$tvdkw#ep>\@ Uc-sl P{}=!) J L T Mx(: Cg F. O|"" X Yy/ H-&oqa E"
555," A Wf Qt$.s,*_ L!z Co#- Npqa& R F"" Z)$w'l Sku[><: Jen M U{/ Gg};]= Km(d P- X B O Eb H+|j V@cr Dy? T\ Yv Ixh%i"
556,"h Hu]f/ S#g Cy{i:m G% E,sdte B!= O_$; I""- A F<l Y$ P( D[ L}or&w Nv* Jk V.\n Mb Xc R Wq Ux Z' Q Tp|jz)?>@+a K-"
557," Ut Z]di E=> P Cm(l Tf\.h,: A B Luy W{ Ke Vza"" Nr Q?p;* M S-ob$|- X H@% F J$ Y+<!s D#k R&[gj Ox}_vw Iq)/n'c G"
558,"d R Qch M\&>a Ax)?* D Lr]"".: G([-_' Tos@< N{n P| B/$t Wkl Hy Ju$ C O V+vfw Semj X=i, Y K% Z} Fb#;gpq U! I- Ez"
559," A M L{<+s S Xj Y-; Q B"" Cc Fz?on E*% Ort Ug&k/u[ K] Gf R Nv|ed#_=q' T, I(bp Hx)>! Pm Jhay.$-li:$ W V} Zw D\@"
560," C&=y_do D' I Qrw)xv J Kj X<i/m:h Vqb]$n* S% L$. Zp A T Gg Fke Rz-f@| U? E N Ma#l(t P- Bu"",{ W}c; H+![s O> Y\"
561,"\}|gz W@i(- Kw E.)ua V;&eb P Cj*q?lx Xv Ic Lsk=-f Qtp"" M'{ N Om[ B R T$h>/d Z Y Uo<: D G H$%!r+y#, Jn] F_ S A"
562,"""< C Q U M H L/ D Om+- J]& Pj By Aoz%dg,! Re N$ Yv*t;w}ks Z{>@xb Xa(c| V_ G. K F= E:'n$q S-?ru Wl T[p\# Ifih)"
563,"/+& Wye Hxfq' Kr A R]"" X S N J L: B<zj[\ O P Ic(,bou# C Ds Qpk_$} T.>ih$ Z=vnm F Ml Yd Ga@;-wg!) E V|{ U*-?t%"
564,"jt/ Q C*= Z+h\,"" F$[{<|zx-g R Xan P W Ic O E U Jr]v}%dk- D_)e> Gpybw@# B N& T$;?l: A K S Mo(. Yfsiq V L Hu!'m"
565," Cwtszm X Ala D]! U S-= N O'{ H V\ K+h(-r/ Yu; Qy B*&f Wc Gje,?[q_o:$ Lb} T F M#d% Zv$@px.|> I J Pni Eg R<k)"""
566,"n_. G; T@ Vzc Y' X-- Zd/y M C=( J} O{ Uu$*eq D I! F]ojg?$ Q E) Hh Nwsi# Pt, B%m[ Ab\ S<l+""xf W>kpa L& Kv R:r|"
567,"h?&iv-a$ K I Ap D-y%_]d M V N Wew)m, Sgf C""t T; Qsu O\>k Xl'#<bx[ P R U:( Jo L@/ Bc!{ G.} H|*rz=n Z Fj Y Eq$+"
568,":' Bq@-k< V C& J Q$-+e]|n F!l S#(= Kx E D Tm H M W_tg; Xy>h{o$d Zr A Is*?}/u L Nfc, Yj\i""[. O R Gzbvw P%ap) U"
569,"$ D Vi,_;la Io/& Wk* B< S Ud={ M!%> N O.mn(t""+y\]b) P#w Cv G K Tsf Y E} X Z Ju- Hhe Arg R:c|[p Q'$?q@-zxj F L"
570,"[ I* Q_]$a N/n B Y G U>l(? X-bqu Dtw=d C Z A'eo\xsji- H Wm R!p F{fg J#z: M O E Ky""r%}c$).k< T+|@ P Vh;, Lv& S"
571,"t W][ L V,g A#>vh I C$+ Dom\}&yf(be. B Fdl U Z Y Rrnpq Xa E;)s Q*:- Gj='- J""/ Pz{ Ti Mu_<c? H Sx|@ Kkw N O%!$"
572," Ph I>: E R|x C&/v_ J Bs}$gc= H% N M+[ K] Fy Yi-t X L On@\o V$)emu;j#d{ G! Zz Ur.b A S?-(*pwf Q<"" W T,lq Dka'"
573,"&f H Uj: Jwbih X!pe-u( P# Y;k Dm+ I| R Zga$ Ood.{ N Gx Ln W E_c A B/t F]-?y=v""} S Vs'l C Q[z% T K@\q*>,)r<$ M"
574,",#tv"" Ogk Y Jpw S+ M Eob- Q D]q(< U N$ B[}n{ X Iy._ Gz Le F& Z C>$%s/*)'f K Hd= Am!xlr| W; Ph V- R\c:u T?j@ai"
575,"<>bm D!; W+=.zg Z(o)j R&c Qi Tk? P""ax S- B M{y U, Nts Er\d L J V/ He$w'l$p Ov]* Cf G_#[:u I@qh% A K|- F Xn} Y"
576," A!} B Dz J\$ L={u-#d*:""/l|] Wo O.ier? R C@, H Y Qq U M-<'w Zj$ Tcm>&yf( N_s P F% Xvp V S En+h I)k[gt K; Gbxa"
577," S@& R U Z_# L D< Nf T%a H?c* Bh.y Xtg-n K|/ Pdx J Aj-r M O[(w'z,!e+$ V G""vkq C=s;)bl W Iu:im\> Q${}] F E Ypo"
578,".!+#$/ I)y$u A_wc U F@qt(j Onr[vo N> P Y G=|i Cp;fl L<a] D Rh%g"", H{ W\& Z B? E Q J- V Smb'd} Xe Mx:*- Tzsk K"
579,":o G]up U/ E I$ C S Divaz H"".x$ Ktb Z N Wh% A}sl*= Q;('\nd[ T Xw|j Y-g B&>mk,+ R) V<-#fre{q F! O_ M Jyc@ L? P"
580," B""r Ti] Wc Q-=+m Zk Hto P<n\( O*;)f# D$ Rs Kh}'e X% N V$ Jzj G:-a A.v Iup!y[d/ Uw{ F@,&q> C E_ S L Ylx|?gb M"
581," K""'- L- P T We& F Uyk M;q Vxov>/[ Hb#<$ R Om Q B Zz($,%! Nih\rdag I]p Y|:jl?tw. G)+_ Cc Xf D Jun E* A}@s{= S"
582,"|l Xj}t: V]ad> C T Dc Ak Yxuz! Ms Ln(#</h Zg S{%?. Iip[=--""& N$) G W@o'f; B F Hq Pm J Ey$ Kr U Qe+_bv* Ow R,\"
583,"{p Rsxv Z$?c., Y Hy@ O S|lzb;"" B< Lu_a Nk& D)f] I!o\ U Ag% P T=/-- Q$ Mj# J E Fhrn G C V(t Wde X+qw:> K[im*}'"
584,"o!q Wiw Az Iu O Yys Kcj:*\p> Z.[dan Lf=r< X#)(' N P Shx$;$l Tk"" E_ J Qb M?-/&,}g{ G H Bt% Rv|e Um] D F+ C V-@"
585," Kd X Ft& Y C]yk Rj=\ W U>+; L Zp S% T Jf A| D_}:rxu H Nvmo P'w!bz) O Ve#[ M? E,*q$$ I Q Bsn{i.a""cg G/hl-<@-("
586," O.dc J;w Mx Qh\ Etf}{?![+]l T P I', A=q>/yv$:p D_ Wuk)#r|n X V-i<g Yo Ss B Z Cj Le F Ub""@* G(&% Naz Hm$- R K"
587," Eb|=r}&.d? B W Yw Ln X' D P J Z$\ S Myjq Qg I; F_ks U)h![xm T$ Vpfi+al A C{>vz#<*o Kc@:t- N O"" G/u R%e(- H],"
588," O#yt}z U K G_x]|q)+\[ Vj@piwn Y D H M Ea F B Iok""u A: Qlc T'%. W S/ N!&s(;dr? Zm X P=*$--f{ J C<> Levgb, R$h"
589,"pe N C(r L+a_! Bx, E Hn{ R% S' U Ksm W Gk""uv<>dc Y)| Z& J}w Fg To$lhi X= Py$z]q@f Q-\/bj M.- I?* O D# A:; Vt["
590," I-.xo$/v Tl L}{y M; Z B Ubpz N G=am Vn- F C Pq> Jt\ X:,kci@f| K&he R S H Ed""<)+w*gur%s O D W A(]_[?'!# Q Yj$"
591,"/[ R?x$ Lv K+(-)a H='\hz Ds.gbf#, St] M W Ze!{ X&>$y Vj_q Amolk* C Yrwi- T O< Nu Pcd F E B I}|n J@;p: Q%"" U G"
592,"=v A S Fi- Lb Ic#< X@l M/$*wj[, Wo C;k Ra.h?x Yde> P Dm U Vn} E-'p]( T{& Q:\|ryz J% N Bfq+su O_$t G K)g Z H""!"
593,"%{w U( B;r< Vp Sc+vn G R]fai,m F N""d\ Q D?}b E_e Z--$g:t L= P# J I!h> X| O$ T C Klu)q*[ Wo'jz As Y/.&xy@k H M"
594,": Jm S[!afb,/ W F M=w C O_ D$. G- Z$ti#h{y; Aqvp Bz K Nxg P Tln]c&e""<? Ud}k V L I*j Ru(-o>+ Y%@s| Q) X'r E H\"
595," D[=> Xt_pj U:gv]ni Z( C| Ja T# Edz$'.k Fu;- R Q Ps W?"" B& Kh Vbl Yfo%c{ S<e I+my)} N!x/ Lq*\ Gw Mr@, O$- H A"
596," R; D J L{)- We< K@z> Zf+c#""]a I} E F Y Gyo[ Hm O Mh* B=,_. U%$ Ntq Vv|:ujks Tp$ Q Xg P!nl? C Aw/'\b&-r( Sidx"
597," Ofy* V R S G Lx.""?z/[n&rt M(_s]a P J Bv$ D}cqw A\ E>hio U!m Tk Ijg+ F- Yd%|p Q@;b W, H Ne<- X K C:#{=) Zul'$"
598,"|u D-x_ R$zkg Zpm#h;y)b$&r' C G*il N= Q""?v]{ W Af> Kt</!+ X J I%}as T B E Ud Pq[ S. V Y Le(o F\:cnwj-, M H O@"
599,"n""w C Gp I[ Mzoby K Rt< U%g]hcu D,j$ J+ V>-k.\ Qi Y?' P H B O W=e Xl; Fd L| A!{ Zr&qa N*s/@$}v)(m Exf S#-: T_"
600," Gn O$up,i+ N( M D' V Ezt[& S F!k$ K* Qs%v Xj? Ya_m|f Jqx-# C<r/{ I>=w.o B; L}-le: Uyc@ Ab\gd P T W Z""])h H R"
601,"; G-,@ Mgw U Na O Zc J Q Yes K Ll&q)|?>{:x<$ W V+*-(km X Hd=f Ezto S Fv""\ B!/ R Ii Truh. Dp'j A C}y P[n]%_b#$"
602," O#|/i U W(k\>e-]<[) Ia;_ Q: Ng"" J$& Pz Gj%{-l,fx. M'p X V Ruy Bb Fs!co*t Em A Sr$q Td} C L Dn=w H Z K+@?h Yv"
603," Uz Y-xi B?n&;]t_ Oe[ Vp=:{ J-u L(<a)@l\kv N+doj*. H! A P K Zw}g W D/r$c E> Q# Cf,m Ib F S%' R Ths X$""y Gq| M"
604," Nl E! L O$}a]y_<$'"" Wsrw% Fj S A U T:( Igm>)v;\-oq Cp D| K? Zx P@ Y{n*e, H/hzb B Rfc=d X+kt-i V. Qu J G[# M&"
605,"j Qv:> Pq%r T Ro X,}u] M Nl Yc/x O G# Zf_ D Smn'e K At Ez?$*{yb\ I)iakh<+ B[. H- Ww F Vg&"" C U$|(@; Lpd!=-s J"
606," A'| Ki D$ X P]""o;({ U H Vhf/ T,*! L Z}p@.b= O: Y&x Ce-s E<k?)lyq+_n Swv\m Mgz Fd# Gu$a N Wr%[- Qj> J R Bct I"
607,"bp M#> S B- X Kt_ Di-[k!'m|ua H Ge) Qd&$l O A"" Lr}$/ Vx= F W\o% Tjv E U@ N]gf+hq{.c< Iw J Z Y(:yz*ns;, P C? R"
608,"<l;uf N} U A Z|-hsp# F$ Q] Lx\ Y Ei:@e H(ka. Wj Rgqv""= D S$&{b Xt[ I G-*y+ C Bd, Owc!)r? V T'/o J M%n K>_ Pmz"
609," S Yw Mtny""}=ip U+ R:[o$ D Tj Lhr Q Am<().$d@/ Pk E Zul B Gb,x\s&q Hc V?g Kz J|{]* O Nf#%- C;! X F'-_e Wav I>"
610,"' Z Qw""s<?k; T] C E Yvnc{u= F}z@: K Dy[tx O Nq)/-,- B!> Pe$*f L Ipgr U G.&i$\(d|%hla Sb+_m X V H R J M# W Ajo"
611,"v/# T@ B[ R-i Oy G C!k* Yb\< Z M$=u Af P I Dp V$a Eom( F?""+drt Jw N Kn. S X_ H%ej;&]h Q>zscq}) U:',g|{ Lx Wl-"
612," Ot$ Ek I? K Y Ds S Wmv Z-y M Hn/*+ R|$f(e L'pzq.agh U Gro\>j A V N<=""w% P:-],{x Q B_)@ C# J! Tu}l X; Fb[dc&i"
613,"da$ W\. Mjw& O-t_c$ Uy? I/n X Dk:[ R!f{ N Q| Suq) G Y,+; Jog Br-%( T]} Lzv F#p C@b""x Z Ki V Eml=>e Hh's A< P*"
614,"i@] V. E J Pwna H Tk C$-!' Yo S= W Ne}ldsf I*\u|<%y F Zr+?& R- X Gmpz$ O{(q)>g;b Khx Mvtj D L: B/[c# A U,"" Q_"
615," K L/-$v%{ U M Z+h V He Cl@ J O:?sazj[| Y D=!].\ N#m,i Tokr(q*t G}bd Q X& E I_$""gp Rnf-y' P S) A> Wcx;w<u B F"
616,"o N= B Un[ R T-!eqd+<?'#$g Iu.}{j(] E; Fbx L Q Hv/* V Yz> P\t Xhr W, Zky@ A)ac:|l Cf&s_ Ji D S% Kp$-w"" O M Gm"
617,"> N$% Rz G<i K Zx)q} C&!#] O:j[=l B.,$gn Q S Hm/ Vy'+d T- L@e-t|{ E F Yk\rhs(?;b* Dv_o J U Wac P I A"" Xfw Mpu"
618,"v J_t H Yu) D}>&ro Nab Al X]@ K S:=/ Vx Qs B P E-np U Cmw L F+kf(?-g.y!e<d O\#"" M;ij[,zc%* T G$ W| Rh{ I Z'$q"
619," V( Ce]$ Oibw+? B Gl M, Iy|$ W D*s.)j=rg-ku!#m@ Z{\q Y%/ U R<[-t X'n K P}; S Q_:a Td Lvx> N""zch E Aop& J Hf F"
620,"+ S< B(d D> Q#lb Kv Yy Gf[];\zej,_ Z Pak? O R Cm)q J"" I.!& Xr Tus@ Hg|'-=/w F$c Wox Vh A$ N Uti{*np}%-: E M L"
621," L@}n[<. Wi U Jjg Z={u X, Ep?>m-z$ B!'d P""h&( Oa I N F M K Vb Yvo+y G Q_ Ctx|:c H*l]%)kre;\q/ S Dw#f T-s A R$"
622," C[' T L&kp\( P B H S Ds X K J*zd R Gw I Oa N}jt<b Uyv F: Ee""!,?c;qih@>= V M]x/{ur-$g%m#_f$n Y-l.) Qo Z A W|+"
623,"!w# V?,b Pz[}tk&p Wn]%oyf G Sa C\gj H X T Amd$+ E Z Fse; Y/) K Q J*_ Or( Mvq""cx>h D|u< L B Nl- I$-{:@.=i R U'"
624,"{u N+/: Q A?t-gqa Y# Tbypd V&*> U\_ X D$<}h( W I) F E%@s'w H""r. Kim L S Mcl|=f; J G[on O C-]x Zk Rv!z Bej P,$"
625," M B Qha{ O/*_\# X[i Y.v Z+-w Se>mzn@'$ A D}:? V N!p E K Ux<ljb T J) Pg W-f%u$(d H""=rqt| G; Csy] Fo& I Lk R,c"
626,"= Ci J[!k K Fd P$zy*'-/?o(xv Tp Bf]e- A) Wt$ O%|< Zg,+#uc Gar{s>\ U@m Rb_ V"" S&j X Iw; Yh H D N: Qn}l. Eq L M"
627," D Q A U$ Je-z( H Zg@s>""*my?c Gf$/] N Pvub Krt:\ Vh;,<& S#xw% Ia X C+ Y|!['= Ep R{ L-q Fi.d)_ W} O Tjo Blnk M"
628,"r=v""p Za)s T F V,!\h:n(+?i{ L Aqk H M' Rt.g@d$ O[- S N Y&_bw<z# Pl X D] U Q C$ Ku/ox J E I B Gy W>ce|*jf;}-m%"
629," Aoe J"": K R,h Ig Ya< G V E] P{u#(p Nwys-!> On X Wv/rjb* Mi).k D; Hx| C$z B? L\ Fdm S$f} Zt[ U=q Qcl-_' T+%@&"
630,"!cyq= C J;l I N A/-&x'w#.}(e Q S)r$""zj] G*i Us Kfpd[< X H F>t:a B| D O Lmg Wn Vh-u P_%vb\, R{ T Y$@? Ek M Z+o"
631,"@ G_#= E H$wvq?m&z[p!/n<,er R O| W; Vb{ M T'$%h Jy( X* S:}oj Zt+ Y Bk"". A] N C Pf F Du Ldia-x Ucs I Ql-\g K>)"
632,"ec{ Izq, Y P Sp- Q H_$h-# F R]!l Tnx= Zi""+ Jw>vt L\| K(* D.[)} Vd' M:ybouk;ra Nm@ U C A Ofs<g X% B G$?&j E W/"
633,"(> L#dz}h B C[l*cb Ex@/:.k? K,v=$ A!""' G Onq_ P-s Tij X R+&e Z V D-) Mm S U Fpr Qoy J$f; Hwa\ N I<|tu]{ Y W%g"
634,"' U Mi: J G?r Z P<)| F C$uaj#-$lc% K D/qz A""-[yb Q V R+\ Eko N B_m Seg Wt(@w{ L Y I]&h;p O=nv!x H X*>. Tfs},d"
635,"$ky- H-t' Pz G?gf N#u"" Mh} D<_*\]s) S!$@ A C J, Tlq|wre+ Lb Ui E F( W.> X[j;p/vx= V Q B&c: O Y{ Zo Ka% Rmdn I"
636,"e W>_ X!o Rr Svn Fj&$:/ Gd%} Jtu V H$ C Aw@g B. K E[m+ Qk P?cyil I#, Y-\ Lf N M*];{p T O)s(h Zxq= Uz""<a' D|b-"
637," I X Lm- W A[i T G H R%|{} Bx J;a K*b-g Mk$ht S]o!w Ff_"" Zdu\ D C#?.y<pe@' Qj=c U Vn Pl>:/sv$) O Nz E,rq+ Y&("
638," Gk= I--a C:pg[) K+z<; A$r> Ri@ M/,h? Feq'}( Xt% Tfs*x Lj"" Y\] Nn P!{ Hlm W O B Eo_c U S D Vw|vbd& Z Qyu. J#$"
639," Af E;e[\nt? Rw I M S_] V= W Bd. Y Kyrxh Lz& C Og No}m<$| F(q G D+#""/usb Q@jp Jc X> P,i H%a T: U*l$'k{-)v-! Z"
640,"i: R U' N Z"" Tp Og) Q W,b Jdm Dj# Xx Cs_ F B Ee|&l]/ Y V[\*-{ A L Khf.%v-(=n$y I M< Gqrz Ht S$ P}w>?k;+acuo!@"
641," Nj:hm[_ Q|x Cw<- Al D$ G= L Jo X!z']r I$ T Z Pk V>}+a B"" Svy*-;( F%f) O E& W?g Hsi#e@n Mb Rcd. Kqup U{/\,t Y"
642,"+/ Vx( A H Mm Q>f| X_ N J$ Gi P\zbo=#:'}u]k* F; C R?ts D Y{g Sl Bq&@<wn) L-pejrd U% W Z. E"" O K! T,y-$vc Iha["
643,"h F< Q+]#p!) I E Ni?% Ckbx{ Z K D:z Y* W; Ps-r&v U S@o Vm Rf,d Jc}( T|tl_w M.[u$/g- O$"" Lq>= Gj'e Hny A X Ba\"
644,"e's&@c$v:$ Z W%#higr| V Q O A B F Xn}x/{o[) Mtfuq U K< Dj J]!l.-=+ S\( Ydp;- Ebza N"" Cwyk L? G T P R_, Im*> H"
645,"t G)c C#': Xqx T><?+, Wk O-( Q.{ A L S Ymsua U Zrw Kp Ri_ M Jez} D/ Iy H*v@h&""]on$ P; Vd- N$[ B=g!f E|bj\ Fl%"
646," Q<_u G,wpg Kz);qh|e[ Y Eb% U./n$vxjka A Z P I]c' Ct-ys+*} O H?{r Nd W Fm M\ D-("" X T L$ J=lo&f> V# B R@: S!i"
647," Bp[i; N Aqg Pj#_ Gt X Z{ C\%)(? Yr|""hx$a- Sk Q$* R H F]ne.<b,f} D Vc= J T:z&dl-w!mu E@>sy I U/ Lo K W+' O Mv"
648,"} Dhgc< Jtwy$ O: A Q; Cj T%d# B] Nf Rz(v,& H|.b Za_r's*""e I{/i Km X!q Wk F G-?xp L=n+@u-ol P[$ S>) U Y E M V\"
649,"v A I/j Z D: S Xz[tq*{n@ V N, E F>p Y] K U}.l Mbuaikd<s"" T? W;x G Q Bw Jc- Hye L_# R\)rhmf C$$- Oo+(&='!% Pg|"
650," L[p O Ptz E B%&, Uwlq}h Z?u:"" Q- V];na$*# Cx_$ T>f{/mj@)d N Ge|(v M= Ab S Is X K F! J+kyor D Y. Ric Hg'- W\<"
651,".cd* Zr$ Xzy<!}fn Uj@ O B M'&a V Dp E+ Q[] A J Twoemtxsi P| I K Y, W R)""( L Gb; S=-$l H/ Cuq{ N%hv: F?_>-\#kg"
652," W;j$ Olw'x F R Sh}.: A L< Y=m&, Q Jpd-yus]""#%)[ G B P( Ez M@ U| T$ Kn Xe Ho I/ D>k-{\ C Z Nbgr!a+?vi_cf* Vqt"
653,"t C Kl@m=$+ P? Jvd-' W:z|e Hhs R G] D L( Ap[. Eq} F Uk> Bc# Y<a&x-j$ N%uyoi!)w T I O Zr""_{,g/f* Mb;n V X S Q\"
654," T. Is L)|r] H-#}%l- Fk?\qo J Qt$ O>_[ Cfu<=nh Zgd G(;w& E W U N$ M@cj V, Xae+ Ki Ay Yz Sb'!*m D Bv/p P:{"" Rx"
655," Tv X G U""u Z D$ Wd_ L S Mf%j)!=@? K{| Fz$ Hq]o C<& R Jt En#g P Ncia- B Ipwm:x A O/. V(}ybl[+-*' Y Qkr,h\;es>"
656,"- Lkw?x< Ihyq S# G$""_nz]|=j C E$o Td(}-+a Y:upv Z B Nm%fr U W M O; Ase&i@ P Hc* F Q.>), Db K/g J R X[{t!\ Vl'"
657," B L E,\zq'> Vv N)ra T?@ Xejn(]x G- J K{ti M Om F Q Pl$.$fgp_y Co! A Ysb""/ I W% R|#c*-&wh Z}:+u Hk;[ D= U< Sd"
658,"x<? Uw% Sfv Bz&{q J' Z# N G Qj A}k> P I$l,pc[mo/ns|.( K: Rb Ora- Hty+d C_\) Di""$g] M Xh E V Y;=@ L F!-u T We*"
659,"'+p-x\. Wk E/ I G,s Yu M J)j%gh}eq@&a B-vfw: A Z$ F[_!db N U=""c*] K R L Dr| H Cn( Xym;t Q P$ T{< Oz#>i S?ol V"
660,". N M Um D Lt, V X] Q@lre-a C'knjysz+ W<{%|*&w J Z$:$}\du H[ Ih;i> F) S!q Pc? Ao K( E=/xfbg#- B T G_p"" O Y Rv"
661," V U Y J&%h Kw- Ro N+bl-p Bn$ym=kua W C'x L_]? O[ Z F G>,r$fz\g} Mit H#""c S X(j E D|.*q T{d Q</v@! A Ps;): Ie"
662," Ki H- Wn+ O{ Vv,<.#q$ T> R*t E G'zwlxm)&ob/| Sursf}""\_ Zgh- A%( Y F D C:] L=dc M@a B I;!kpy Q U X$? N P[ Jej"
663,"r V] Ydi P_u*q$(@> Jt, X Opml H Bx! R I C Qsoa& L""{-e/ N+ Eb|;f#=k[ F D?c\ Zvyjw-< U M S} G T Kh' W%n:.$zg A)"
664," D Fk{ Y!vhf H?t N$% X=d#< B Pzj)| V$ Z+ Mrl;}@,>"":mux*p Rs C Lb Q A- E-on/ Wwaqc O.'[ T K_ J& I\yei( U G Sg]"
665,"n C.i Y< N(, Eecv%z""-; V K-#gq=m T\ G*_| X Iks+ S A' O Pbjdrx}y: Jp{ R Uu& Zh$ W B Do/ M? L@t H Q$ Fwla!)[f>]"
666,"< S:o R>*' Zm D$ X T}vj U;x!, J+ O/ L Itzh@ W N M C. Qb""\# Vr Hl(w Y& Biefp|dg Gy E_s Fc P K{u)%[n-q=a?k$-] A"
667," X:<a! Tsv%|+go E, U\ G C I{@ L Q' H F/$ R P;# B Nmf&y--(l Wd Mip] S}[rw Dj Vc Z Y K Au? O*)hq Je=kn$_""b.zt>x"
668,"""$z Gd O U Tprl M@ Bue-}\c' N V K,%s(g*a> L? P Amo| S)q Qfyv Hwn_]<h E F$# D J W- Ct{ Xx Zj/.k[ R+bi Y;&=!: I"
669," J Iqj Hu L Oa# N A/-) Yk'@ozv:(.$f Tct* M_ E=p< D R&;g F{wxm"" B,i Ws\+[eb! G Vr|-% X C Pnl}y]?> Kh$d Z Q S U"
670," Y&rd Q R E A L$%}@goxl\e$ C(tj?s| M Jq:b G'_=vu N H! P-*#>f I"" Wz T Bk Uh/ V;c+ D Snm,a[.y{ F<- Z])i K O Xpw"
671,"(lm I K%c C O@$ D L Nv*! Vnph} T R>o. Z Az&je+| M W{ Fux"" E Yst] S Hq Ubfaiyg<=,#-?) P_ Br X\'[/ Q J-:$dkw; G"
672,"% Vuck?| Mh O} Bgj; Il Nw Ty-. U<q[ Wi L\/oz$x]- H#_m K E R Z$d! J'r,bt:> S Q P*@ Y An D F{+e=(p"" Gsavf& X) C"
673,"hin G*c K=sv>-:ql W%by N S F X Q L[ Y H}g< U/|""x R Vur P C? T Aw@ Btpo$d;_z&!+ Z I M-'m J,k({).\je Df] O#$a E"
674," X},"" U! Zd;{ Frcg Jvw Y&(h] If Pj Ce M\ Al V Q/q'=ux L-b#: N[ O$<> T H K%no$ B Di.mzky*) R_st S E- W Gpa|@?+"
675," P}$$ M/['- C).& K@#n D F( T+_z\f U B E G!|we Wh""]-a Vkmt{p Rx Ac N Lyv Ss<i Q: Zd=o H O;l Yu, Jg*? I> Xrq%jb"
676," U X[ T A? H V. S-hz;du<% I'_+o C Gg P Q& Byv Y-n\]x}:wrl N! O K# Jc$ Emf Ri W| Fkbqt>""@/e Lj*= M{ D Za$ps)(,"
677,"$g:_ I]-u F\sx O R| Gv'kp T M S#"" Dcj- C U+}; H) P K%b E@,mn?y>t A X V[ Wr Zl*{ Qw=zd Y!/ Boh& La Jeiqf N$(<."
678,"tkv&@n I B$m We_ Ydb(; Vj#>o U X!fh-cg D?' L R, P K] Qzx:l Ci[-u{\+ G% A Hay$"" S<}*pr) M F=. E O J|qs/ T Nw Z"
679,"mzea#/d)_$ Z L S Vp'. K""@ Or;? Yc Ni*$ D E- Uq Is R Txw- X{> F A! G= Buhvln Wk C Jg Pjo]y&[%fb( M} H:\< Q|+,t"
680,"p)= L Ua O E#:b>,c""{$dky% H- Kzs Pov!' B- Trtm Du C. M I[e Zj S}?n@f Y|x W Ai( V&*l F$< G Nw J+ Q/q;_]\h Xg R"
681,"\] K Z) R O D%@ M P'q Qw F[#x/<h E C Hug:{,.at_&f L U}$o Xpe N T""s G( Wn B;?-i+* Sm Vl=d|!y$-k Izvrcj A J>b Y"
682,"[ai*o=mj T Q:-($p]q; O L""'#!>{ F% Zuc D+ H A&b/_ S Id R-?r U N Mv C$g Wn Jt G\wek Xzy P Yhx Es,l< K)@.f B}| V"
683," A%ho#[|@u) Zp K D""< C H& T Wbn*\$ U Mq]=l Odsckgi. R P Xv> S( G B Q}; Y Fy L{-z N$_'/et- E Jx+,: I Vjwa?m!fr"
684,"v>|t C A] S Vs#r@.a Gb_y Ie)* D}:&/ X F T$hp O= Lc Nj P;q Q Bm[ Kf!-'?\""w H{-$o E<xn M Jz(,l Wu Rg Ud+ Zik% Y"
685," Kgr>p' Jtm"" Xq|?@}$- A T#( Bcl D/ N G+ay.n_ H Y!)k E O%-[$ Lf* Zw<ub; S C]he Rd Uvs\=i M{,xj Pz W& I F Q V:o"
686,"h I Hj}< U! L Y>ts$@oz J- C S'wyr*$n(\? K/kq Taxu B G Z#g[.&l F X% A E= W)m Q| Dp O V Pdi-e_ M:bf"",+ R{ Nv;]c"
687,"< I Rf Y\ A;s Qdiykjzn F? Oa| Uht No Kw D='!/b E Xp_m P L]-c.>""x- He Glr C+ B# Z Vv$(g M[:$q@ T W Su*}%&{), J"
688," Odo Pe|\-a Z Iz C H E#% F"" Y>n&t V_ Uv Nml; J M,' A[?@+x) T L K}h:jr D$]{q<(fb R X=$ S G!-c.ki Bpw/ Q Wy*sug"
689,"qjavlc Bs'e U! A:?p Vw S@) K X( L Q,i&\<-o W_>] Txu D""+b Hg R$={k$%z Pf*# C F I O M E Yn/h J[| N- Zm;r}dy.t G"
690,"c; H%n{fk= Pgb Y O-)l: U?&t""d| W Jy<r[wq@ L A T X$s] S\ K_p*a.vm I$# C Q}zx>ojh( M, G+i E!/ D'u Z R F V-e N B"
691," A V|:j- Mao% Lcn_ J$+ Q)fm U X Y!rid>][#e Pu R Ow} C& D$-, E F Bq/ Tlp< Ns\"";v.( H= K@'tbg G Sx? Zzk*y W{ Ih"
692,"i{t F T/=""|n>u_ Y J P N' Sw[),g$ R Q X- V I-jyl H K] Wc Mo B O&x L C+ A$! Z?z# Gma:r\f Dsqd(*@v;pe.< U%}h Ebk"
693," P\c L Kd$ Y/""|!km Qu>( Dsg Je B Hbj_ I,[lf Gp{ Rw@h+ A}y$v*o]t E Tqn O M W C& F) S#< X;- Z:z V.r%x N?'ia-= U"
694,"! T Zt O P& Sd.al@ U Vb' B:sfm? Ycpryh(} Juv= H\$+$_e R- L/# M N Xk-, Q< I) Kw;%n Gx E] Fo D Wi>gjq""* C A[|z{"
695,"w I;""r&a Se D Y{%x#v'!$ Nk@ Cfz Au>] Ll Mc Bpntj.-| Rm< Fg X Q} G Z,q)[ Vb=+ Ko T Js Od: W\h Uy_* P H$i(? E-/"
696," B+ Qu)$c Uk.=vm K Gt X C T@| H(zge/x Jhdf;n V} E Slqo Y Mr${w P?sy#: O< Z- N>\ Wp!,] L% D-' I Aj R""&_b[ Fa*i"
697,"'mt Z L H O D R/$ Y F;<-l G-nop_is Jq&| N($]r Safd\:[ju P., Bgc""y={% K V Iwb>+ez*k Th M} U W#)! Q X A? Ev@x C"
698,"g""=iln)}*-?$! A Wr\/ G Nyshd| Y<k{x[# Q'fbw L,-$e;%zjvqt.( R M& P U S_ Xm T O B H I E>p+cu V Fo] Za C K@: D J"
699,"jq#) D G(b] T> Ir-%ni S V Yy, M_ E} F A Osh H\f/?$mo P: Bd{g; W Le X=- Ut Zxp+@ Q Nv Jk*w'$< R Kca Cz|!.u&l["""
700," Zi@- F O< Db M.w S,q(e Nfu Vcts_an?""l& K*x}vd B+r Q J]=$g Po Wkm{ R X Y I G$ E A\ T H[>| U L-zh:!%y') C;/jp#"
701," Q&+% M@lkuz[nxs Xc R<?{ K-|.h:f_ C}va$ Wi S# H F\ N A Ur>m J,g"" B Pq'-j Ip Eo$) Z! L/ Vtb D; T]( O*e Gd Y=wy"
702,"?@ M"" Yiud F#+e[{ K Hn C I S-qv B Ja L, Wxy$ V Qc]p\ D)t Ewlf< Uj|=%r R*bz>.&k Z}g!m A O X_- G P T:$s N'/(oh;"
703,"*}e(v,zu! Yl.?)y M L#|<] X$& Q+mpc@b:r On K- H J S T$a Uw Ci N_ Rg\ P Gt[ Zk F= Ex% W B{-sqf D Vod""hj A;> I/'"
704,"{ A Zy Ex%: I( J\p O W- Tq Pdz K- M?.] Gmv$#n!*, Ru$@ F N Bg;s Yjo L=f'+iacltk X Vr[w S> Q/ H D&b}) Ch<e_ U""|"
705,"neq V\ A-+i< Ovajr S'y F;}pxc- T C Ph$ G@ W N Uwg# Xf{zo% R&: Et_ Z B Yk H?! Lu=,l[$ K Q(|]>"".*/ M D)m Jsbd I"
706,"|f/#x)s:;q<(--cn I! L C\w[@rvj> S B}go$u U.$] D*,_ Ke% Q Az P=at Hl Xp& N Z?k{' M E Gdh Y O W Ty J R+ V Fbmi"""
707," S_-fo F| Tns! Gpld P+ I' U Ya/e> Wkrj<}? V Q. A@w E- H;] J* N)u Z[ M C K$ R X%,(b L\m& Oqy$zgc=i""t{x B:h#v D"
708,"#} L). Pye Y\ C$$"" Qz-;r[ H K A|xk S Rb M I G W%! Znms,*a/ Uj T= Vt+h@>c]:w( X_p'<l J B Ed{fogu D O-qiv? N& F"
709,"rcf|:m Q( R&"" V W F%- O Bj L>*?q)y A S Cl;p T<+d H.i\ Yt M, Zn@k$=a#! N I Jv[xh' G}_-z Xo K Eeb D$ P/ U{u]swg"
710," Utwn?%$|,* D V(/ F.be"" W A\j$ O_-ur Cy< Gv Rf B Nq X Ea P-d Moi#;@ S[g H'={h+pxm Y]s)! K> Qkzl I: J T Z L&}c"
711,"fni( L?{[ Spw Zot Q'$""]m=)s_ V% T+.ykj&> M Xa I U B C D F}: R O#h$ Jvx A Hq<cu E Nr/e- K P!-* Gd|lzb W@ Y;\,g"
712,"]/ V Ah- Un Z, D+y M#""? Im Xb:> Rx*f Wk E P Qri%$|qzu{ F&'. La K- Hv_lso Y@ T)= N$ J<dwc( Se C B O;!j}t\p[g G"
713,"xf U K@w T{(= H"" M X>a\' S- Oi<|. Wsovrcke V L E N Y$/g*+?zu Z} J$] Il-p At Fq% By R! Pn Gjbd[;,)m Q C: D&#h_"
714,"mx V K O;&t A M/vsc-#uwnp B P}(y'\:g|q* Ca< Re[ J)., U=r@+ Wo_$ Nfl?db T L% I Y S H-z X G Zh>k Ei]$ D!""j{ F Q"
715,".a] Fo Mc A*r-(i@qek- T?{ Jh!"")jgu Cwlynx U|# Rm Bf Q N Z W: O E\;+ I[& Xt}sp/'d< S Y% D K,=> H Vz P$ L_b$ Gv"
716," Jbw=\+v Ksqpxe$ W- I_m L/ V$ T> Cn Rl*]| H Xj} Z G<"" Yk O,a Q B( Ngt%&f Urudh[c#?-'i!@)o: S P{.yz A M E; D F"
717,"kh H$) Y L Qyu O E]j=*@ Mi A_ Cq{& Zcav D I T>%'ebs-t.fo K}\ U P[!n J X$, W Nw R?#/ F; Bz"" G(x:g-+ Sd|plm Vr<"
718,"! N X Z; H J E.f-*=+]st G>""iy Y D L S(_<& T? M C Oq{,a$'h#m Acd- V F B Uvl R}bg/rx)z I We| Q$o:ju%p P\kw[n@ K"
719," L V F Gh= Xi Jrt R$+-pe.""*q O:, E As Knc< D/@ Q)?vm]#; W| U'\wzu Hb{ B Ckfg M Z P S[&-x_l! Y Nydj(o T} I>a%$"
720,"r*""v E Mn-#\ O_+'$ Cymo I G| L) B N W Q P Rk/} H T:{x Aj U F=(b[hst S%?g] K<ue$c Z!@&.l Jw- Y,f> Vqp; Didz Xa"
721," K+: M Bj'v G&zh\ I Y%q Jd_)wsar? S$oy E Def- P]g N Ql# Ou H-<n Ci/b}|.[(xp= T{ U X;k R!m@"" W>t Lc V A Z$, F*"
722,"g X S Ta Vov G$d O(n; I Prt C-ih Bp M/?\ Rm=, Yzs:lcqje A) U-& D_#% K> Hwy J!|}xb[$@ E*. Z W Nf Q{' L""k< F+u]"
723,"b Xpw, Tokri F Vl D|->q}*.da N&=(% R-@ A:' Sh G!u In Ot< B$zm\ Ej W/] U J Q"" Heg C Y+{f? L[v$ Pc)x Z#;s Ky_ M"
724," A.], Cd# O) Sp K{| W-; Y P F E@su>t He R% B Q-nkf_ Lm Gx!\}w D=l? Mc Ubj T$+[$r I/h N X Jq"":&a(v* V Zyz<i'og"
725,"m- T_sagk G> Y Fi- X Ldycf Wot#!u$' Ae+bz Zqh Nn Uj(* D&r\ S$%?<@ B/)l C] K"":p J=. Hw} V P Mv E R Q; O,|x I[{"
726,"j Q Il No> X H""sk.|? A@ Jh!x<u Opd D U T$- S%_me Mta$+y*n C{c Y V L[/ G R#\;f Z,}v Pw=qz W B:r&-g E' Ki F)b]("
727,"#ws A Ub T'v(t; O C Yf%jzae& Rny Mc K V{=|k]- L N\d S$ Q-ur: W Gi H,o/l"")+_>mg} E$! Ih?qx X D<[ P. J* Zp B F@"
728," Vjei._ G!z{$q R\a,sw]v)c W N>b%fl:/ Q?xt K A- Juo C* Lr Xp E O Dnkd S"" P B F+ Y< I} U Mg; T(|[h$y H' Z#@&=-m"
729,"li- G$j V'>-e U X T Nx[ Fao P}f=@r# Ynwu!z%; Z: B K C O R$g Ab M_{cs*<y I( L Jq&.d\ W Qv H""p E/hm, D?]tk+| S)"
730,")<fh*(z_ U&! Jr P> N Ypu=] Kc Mq Xnjy Ww- E Si Qx I'/vl V@ L Bt{ G\:} H;b Ze$.""s|d T?% Rm D O F-[$#,+oga A Ck"
731,")-_# Vn/ A| Ou%;$cl}m Daveh>izk Z W R*xd@ B E P$ M[y! N=j Q S"" F X{-\t Ufp'ro+ Gq K,] Y<g.b T L(? I J: Cw&s H"
732,"v$u+'ztd Iil K@ R[ G Z/p W.# E>"" M:$f( A Ubw D)\!a C]<,nx H_r;}k-h Ssg Lem= P B|&q? Q T V J Fc%y X O N Y*-oj{"
733,"c?,%hz>o P+ H;pv#} Xl S_@ U/x B Vt$ Wgi] A)\e N:b R T$= M&""' J-( Gs Z* D-!{ F I<w[ Kfynmqrda L C Q|j O Eku Y."
734,"i$|: K M Hg V'<-}q] G O R{wo L+ U Is&"" C Srj P Ze Tlz D\;n N F@p/ Af*!vhy# Qt>=_dx B- Y. E?m(u J,$ W)ca%kb X["
735,"j| W D Eq!kp:<va, P Ib T J Y#$+us B$& Oe@l- C X[i"" V\;nx Z]t* Hf_ N'goy)}(z M U K Gmr Q%.?h A L=wc-{ F Sd R/>"
736," P. Dgw I!i Fo T-@ J%c Q?+ R|h} M=l Y Ku;dk* A H:x""a Xz U] L W[ N({/)r V'b->n Cte E&sfmq_$ Zpv S O G,$yj\<# B"
737,"+ R T]\l Uu E>n$ Z Af( F-)w_*-{ Gx Bmr: S V X Hq J=,.|o&y[bcdkjp"" D K'!i I Wa Q}$<s M; L O/zg@t Y N C P%#?ehv"
738,"}lp; Q Ij@ K V Nb$i,n-h D St. O Fue Rm)f>!$%'s P( Wv< Y"": A/r Ugd H B M|o Xc J{k_ T&#q[ya- E+w?]xz L=\* C G Z"
739,"{>*!c+um W U Fr Lzj@=a?' Q X Vl%/# D T]v B E} P.( Io S)t$p Zw""& R Od Ay:|x, H Y Cnbf< J-i;e N-h\[sk_ Kq M$ Gg"
740,"x R>+ H|o?a$ Oui]#k<d, A' E K& W M; Y B F!@ Vg N-p$f L_n[}:) G P I T J*mj= Ds{lbv. Zqwc U X C-tr\h(""y/% Sze Q"
741," H$ Q!= O V""i-/mg-o|ky{[ A U J&<*ujb Bxa R I, G Pqr\'w W K(n Y Ep:tl_v?$c. Xf D Sh@+;zsd) C} L#]> F Ze N T M%"
742," W{]r?y Pmk E}f R\@-<u-#q)_ K Ge,c&s Jt Vjw"" F=l!%x H Zvz B La N/ Ai+ D$ Y;o S*> Q: Tg'[ Cp M X I Oh. U|b$(dn"
743,"w""[!bu Oe'% E Vao-$fdqp U F M J> By=, Wt Gz| P?#< L/ R&k;: X Hjh$+n D Z)_gc].si N S}@ T Q Ivrl C A\{m Y K*-(x"
744,"nua Egixc!hl Os@b D* I Kvd{% W?=_. R Bf Mo& S J Uz- C| T#} N>( H)yj[]\ke A Z+q:$t/ V"" P' Y-p; Fm<w, Q X$r L G"
745," W[ Kh Xm$uls% Yoj O R!@$.#ary F|b<""x D,w\i_ I* U( Vd B:e Sg+z- G)q?->& M]p H Zn' Jt Pcf C/k; Ev A}{ T L N Q="
746,"q/ Q V G T., N U_' R Ht""*] Ccw& Y#o M W[jm=+s: Ad(x J<n- Sy-) D Kpr Z Fu%; Pz}|v!$le Eia O{b If L\ X$k?h> Bg@"
747," Whi P< U Trc Eqd@l#|- Bbx F}& X.s V R A L! J( S\ O>{?v He[/ Y I%kywg'$ G Qn Z:"" Dt M Km*,a-u$]zo+ N;pj) C=f_"
748," Hm T|&xs= G(#i<- Yc M B W Ez+; V_t\. N C Kql$>'j,?* A Ldo@!{e$nu I Dy R:fphwa P-r X%)k U Q O S Z Fvbg/] J""[}"
749,"<_ R{}jy X D$- W% C;b#(mo.w:uzh Y/&p I Q A""! Jc> Z Frt G|i?a] Uv P M V N K-)l, Sn L H Ee Tx= Bd@[kfs\'q* O$+g"
750," R Sy$ F%k X!d L Jt O,($ P Cvxounw I&+[ Wm} N/q Q Kz- H"">{@< D T:?p]bg_-c\ E)lf Br Zj A|. Ge Y;i#a U Vh's M=*"
751,"/""-|%c@q'(ou Jd? L B$) Xysm}] T\_z{ P.rf Rt!g V<bk Ai O, Yx Nw Gan I*j- M U# F Qv Dp;h: K= S> E$+& W[ Zel H C"
752," H+ K Y:( Eic/ G M[yes- U*""lk}vj L$ C]b Ftx N Z Xa'r Vw->!.m R; Tp,g O$=@ Jz)n Qhu#fqd D I{%_|o?& A B P< S\ W"
753,"b,&-fv""| Y Qi)cos(!.pw Ua't+? O K# P J<=: Wyj Z;r} Am E\d]ux N_ Lk B{ I$>l/ M F Ch@ Vz%n[ D X-e* T$qg S H G R"
754,"; Vt Gp@n J R,di P*x#b} U$g$ Hs% M[!f Z I E\j've W= O S/) Kkl X B C Y-.qo_ N: L+(h|zc Dya Q T]m F""<&w>r? A{u-"
755,"e T Gi!pgty? Ej H-[</ Ak M Dv%,: Q] Fo*>}& U{ P_ Y-\c N'zb K|;h L Sus B O"" X Z If W)r@a$w C Rnq(# J$l+ Vxd.m="
756,"? K B@jvbc Q_ W Ewkf{+#->'yp$|-: Pu R= X(x* C/ Y]q% Ht A[ U""r,nai I}o L Ol Z; T<&!g N) Ss V F De G J Mz$hdm.\"
757,"o) Yc V'k E-$ X""z Nu[x M=yd B P: G\ Ka/vr@ W A F+n-biw;.?m C Z S%h D&q I]! R Jf Us, T>gt<e_ O|p Q* L#(j{l H$}"
758,"wpk Hl M\%uc Rb-ge N:v@< F#-s> X+j V_|$ J P$ Cd} Q Zx Ez"" A= L'q K{m/,;yi? Ir Y![] T( W Dat G U) O Sn.*foh B&"
759,"s Lep!j Mnft Jg Wub Dy/+< X%@ K$\i;""x>z&l][ Q N() Y Idc.= Uwoh* Eavrq A:? G V F H|- B Sk_$, O R C}#{- Zm P T'"
760," B< G+ Mu J Pp Qkd U L T}.*, I@ A R Sz%xn!;e K{ D|-t O C):y_[$ Xv> Hiow Z Y N#hf(\""c-m&=b$q]' E?r Vs/lj F Wag"
761,"q W Ic T& D'|}e J;-[#d B? L!-\wi F@a U G Cho*,$b""( R] Mvp X> Ps S:/ Z+= Or<n E Y$ K Qfxtjk V_yu{ Nl%mg Az H.)"
762,"p(\""}tb' P B F Mx{]$>) L% Q Ym_;= V?c!< Wn. Zeg/a- Ili|uv+, K U J D X O[dy C#z*rf Ho- R$ S@:&sj G Tqhk Nw A E"
763," H T> F?{] Ey Nr(; Dh Wvfx O=k[ Jc_<u$ M U.& C-d)gn', G$+s}*t L Z Y B/"" X\| P#ow: A- I V%i Qp Ka@lj Sme Rbq!z"
764,"di L@f( F N\ Mp Um I. V Rgxq|- H{' Dy= Gt-) Krj O]ol,wbk P/""&* C T Yu W B$ E$+:;_h S% J!n<ec X Z[? Q}#z>sa Av"
765,"jb"",hr T G Ic+ Cg[ M V#\e<zu Q@$ H- W? B N!x=d*p: Y Zt]v Oa U$|k Pl> E A}m;)%/ J.y&{( Fo_ X R Lwi'q Ks D-nf S"
766,"tz) G>?um.&"" Rs Q N, T D}:;yj{w- Va K@= Ip J$ Zc[ O#_b!< Fv| Hk$eg Al B E-x U Sr C( M% Pi\' L/n*fdq W X Y]o+h"
767,"b J K\eir V Fo]y H* Y{s X"" S(nk|lp Z E$ I=-; N Lz Chm< R.%'_ Wt&+> T A B-!$ Mv D@), Uw: Gj# P Qqa}gdfxu[c/ O?"
768," C O T,> I-m D&[/g Bw J=p F. X-i Nb Wn""kr| A S)lt H Yy Q\u!+#%h_$zv P] L Mx G};$qcj Eo{* Zs': R@( K Va U?d<fe"
769,"yz[t J;d Y&-e C]j= Uqb Ps?m|o Q L${ D Fnw\.gu+ A'/hfi W Tr: K*$ Gc%a E>v Hl"" S!, Z Nkp O-x< M R_) B}# X I@( V"
770,"yi;:-k Z Ls I G C#_o{ X"" W/}%w R*$m N Y'lrc+ge. E\ O K!n&-< V Bad Jq,?b A] H Qf=)t P Mp F[>uzv D$ U@ T Shjx|("
771," W L;zhl|b D\s Oa&$, G-!f J K Ce A? F Q N Vw.xu]p B I E+-}jr<dt Xgc): P"" U M=#$*[y Hm{(@ Rn Tv>_%i Sok/q Y Z'"
772," J Lhf> T Ye' E+_$d Kx P= A Zl- W![y Uw@ H""-.$ Ng M Da Ip,<r Qt R V(n/}& Bm F\*:s Sv C) Gbjc|u]k%z{; Oq# Xoi?"
773,"f!jk\>x- M F&/:nh$+%_z| Yo R Q Nct"" V* Aq H P;egmy@ D$.? S- X( J B#]w, Z Civu T Wa E L Ks Ubd[}{ I<rlp O G'=)"
774,"! N I>v:x Pm A W& L D Tw Xi< F Ot R Mq E- Z B#.nrbo Qygc}k;d H_l%)*|faj S[ C U= V+\ J$](usp-,z G""{@/$e' Yh K?"
775,"# Ulx M]+t\% K R Ak$ S Nd<[n$ur@jbzev( Zw Y: Vh/;i J> C X?, Q T L Bgm Fo_c. Wsp O& G P{ H""=!y D I E|}--a)*'fq"
776,"f X K M Gq Q'}o$p+ Cs,%/ J#g_d*]!$m-?\h W{ L.b= Tt- O D F)x S R[w Zjn:yu A Yr Vc B< U( Ne> Pa Ei; I""k|z H@lv&"
777,"!ji? O[+ P N>fr S@-m-gl/ B: R A, Y(< Zo G Dd Vwn&* Hht M E X}v%p Fka\y C)|q$x Kbc] L T$ I W J""# Q{eu'_.s;z U="
778,">t=n T Z%q/ I Beo-&];:#za$ Mb'?y W D U Lc Q$! Kp Vv| A{[hugs N<k J R O} G X F.x)@, E S-_\ P""mdi+*lwjf C H( Yr"
779," G-r I\m Sdt Rv-g P>[o E*a}# Q O{e!_; T+ X F&xu. A|lz D L]() W$ Y: C'ip N,/<$hc J Bk Z M H V@y%"" Uq=w K?fjnsb"
780," Vmi N.@- L? A I{[yzf: Qeq$< Zx&a*%l} C) Hj T!u,=wk;c'vg X G U P Y F$s B K| S"" E Oo Dt R/]d J+\nhr Wp_#b-(> M"
781,"t H<=@uvlfbx* W M]+ih Xrg Bp)$% Y> A&| Q Ne J#z:\mj$ G I{? Ca-q F Zok T O L( Ky"" Ds'} E Vc/ P U_ R;! S-nwd[,."
782," A+{ Sty'$ Zd=@ U>-#$lq N""f I_ms<?)/ J&,* H Y F(. P Rpw Vx G Lu Kr Mcb Ej Xeoh W%!i\}gnv O|: B[az] Q Dk- C T;"
783,"vc-$'ia N Je F S H[$] Ct Lr*g}\ R{ V T""w#.d;_z?&jq%yb Gm U Kpo X|)+ Zf P O B=n,-l/ Wh@: M<> Q Y(! Iskx E D Au"
784,"& W Q Nt<dk Z P Mpej| A L Uw[ J.o_ B(\-x@ Y?!;}"")'*lv Fz X= Kq Iyfsh G]b Rg{m+ S V$:n,$%c T Dru O-i>a/# H C E"
785,"t' Zc Cr|@+ Lo$ O A T D}n!-,zd# Y Ew Hghe=v Rlj Fu\ Bx"" I- Nmp Q U<&i;*? W%/:(s Gy Pb$)> J M[ K Xa{k_ Sq.]f V"
786,"=v}fr> R A\?%o X Ot-u I Kh*<. E Hl Wdw($ N| F: Uk;z""c@{jy D C Jb,!m- P B[ai&$# G_n]/s' Qpe+ T Lq Z)g Mx Y V S"
787,""":e A Df.> K Sk Tbu O)=%?a Qg Yjc@pl} Nz W M/h'< G Id Co V E Xt]s L-+$mv,;w F Uyi Hx_ R! P$[ B|#n Z*{ Jqr(-\&"
788,"x$>\| H Wgd T{:i J B Mcq E L P D];}_om/""%t=v# N Fw'n O X S K-.-h<@k Rb U A)rl Veypsa[z,$(f Y+ I C& Guj!*? Q Z"
789," A F*w,@e O: L#$ Bg? Y T S! P; U-/ Wc Q)>}+k[o$ J\ Rul N] Zytzp.= Cj-ima""_b X H Ds%h I'q( Gd V<n{x M| Kf&v Er"
790," V-v Ht D R+ Q()_k'= T A<d/; L K P C N M}fc Z Ub- O$>z], Jm! W X""l F|s[yg$h#\{q Y:. Iepxuwaoj&n@i? Br% G* S E"
791," K<- P Nb$zn.lup?#>q+m) R,(hit""|] Qxcy Efo-! V M J}* Gs; Bj Sk Wg= O@_ T L{ Y Z[ U Aav'w Ire X D F$d& C\: H/%"
792,"+ Lf=- Wj?} Mtn Bcr!eg. Jv P,q X] K)"" A Odb(*# Y T I Ea C U'| N>< Z D\l:@$ H%-zs& Fuokx/p Qw Vh_[ Sim R$y G{;"
793,"s D=@y N>ghow-(%x Qk Vfq# E]m.\ P* Iijz&; Ht C U/un+[ L<"" K R{a A S|?_$c W Z- Gv F! X J, Oe: Ml}'d$br B Yp T)"
794," D$+,l(s<j;/ L)]!\c Hz Bt Gx&o J U*_%: N}f'e Kb{m Og Z S#- I"" W F Cp Q Rr Ekn X Pya| Av Vi=w T$@ Yq-dh[.> Mu?"
795," L@ I| J Y($m V[)b, H Mt G<s. T! B"" C&;e>}l'%?k]# F E R+ S A-xd X Unjiy$v{= O Z P\gwzu Qqoa Kr N/*pc_h W D-f:"
796," D/ks C Qu}#]o= Ix Mte Fv T+ G U A- N{&i_ Z P W Sg,( Kb$:>w$ Lyzf V. E O[dnmc<- H Y!ha@"" Xqplr; J'j%|? B\ R*)"
797,"m M H Eq| Q N$@ O C V$h A Sk>d[x]=r Jzc K Y}""p;- Fi?a X!<'n\#v U D, Ww Buf&%e+b I T Ply G Zsj).t_(*- L:{ Rgo/"
798,"c Z* U]-\ I Mk$+bo K. X Vnf N J_ Sqr/=& Y Pe Dgu Lx?y#i Tdh O@ Ft>mp) C{}s El$ Bz-(,j; R Ww"" G!'%:[ Qv H A<a|"
799,"pa J Ad@qliw,sm X C'e R- I=.b W Y Gy K%?gc O/- D Z{ Qf L|_x P Fk\ Nz*o]# V U:vn H"")r E B$ Thtj<>[;! M&$u S+}("
800,"* J; S W\( Hi C N Owpv:_} Me Y Dg R]{- T G%ub<fa F Poq,h Xs| I$n Uk.@ Z)=c!+'-m A Vr L?l/yd Ex""[ Qjt#$& B>z K"
801,"xyvq T) O$; Y F Wk(|#j B=o:- Lazc K'{npd-] R/h!e. Pmgs M<} X U""rb\*%@> Gt E N+[ Q D I_,l J Zf$ S Hu Cw&?i A V"
802," S\, A:} K# P Do(+-"" Fph Z>s| J)cjw<i' Elfnk Rmzeu-[?r Y M C N B Ttq V O@* I G= Wya$_ X{ U H Qd&vbx!$g;.%]/ L"
803," Q]c>=s"" V['i:( J L Sy!h*|ek$ Cp< I} H#ut; M P{$ Nrd Zng_,% W Fao. Y Emj/x X& Bf Dz R Uw?\ G A)lb O-q Tv K+@-"
804,"\]b=$ E} Z S{'re N%k:m J R"" K/ I T-f;c O Y P+x Cd L(,w?q- G>.@o W Uhpz| Mtyn Q! Aa&g)sl# V Du X B Hj$ Fiv_[<*"
805," E L V Sn X&-{j+(m$o',y Tk C= P* Gz"" Z<h H$ M[s)c?|a A W Y K Bu\g>t J@vp-/ N; Oerqf} I#d D Fw:i.b Q%]x_ U! Rl"
806,"b=&<u: X Jv/|jc_lq%$zxenpryg[ Dm Vt- R' K@i] B?>\$ L U C- O M) E A P! G;as Ndh H{.w# Z""} F I W+(o T,k S Y* Qf"
807," L,k Y: I\'/{x G-> Bds! M O Q)$+cv Jo X R(zi[%r?fweb.y W* Euj""p-&lt P_$| F D Nqn H;}g U]ha# K Z T< Vm@= S C A"
808,"wbi""p S G}k)> M[.v$c:uel W Y N V@ I|% Aj_ K Q? C Tm Brn];f#g(<q U,x O-a D E Pz H$s R& J+ F=oy-dh! Z{' Lt X\/*"
809,"h\?oxl= A' J! T B W@u,&/$}i Rn]crbt P.""d:-*{y E;+v Zw H#-<mjk L U_ Xq> V Cag Y G%ps) S Mz D([ N O Kf Q|e$ I F"
810," Uz{sx W-, F M Pnb Qwf}$<\y:q/ Og C L S I V;+l B T_u'& Jpa X Zi$@=dv%.c>? Go#( R N Y[kt K D* A Hh]j!-""e Er)|m"
811," R* K-[=<i Fm>p]rkfy S&egu O J. A X M V)}lc P:%w# L; Ts Z W U' N Y I+(ja{zv@!-qhn E$, B C"" G Hb D$o_\t|d? Q/x"
812," K Mp Q W] Iy A Xje)* Rd,> P#"" Clbn&t:h|}m Vcu Y<_( J E O H B=%$o@?z- Ug Tsrw{ S N\.x[ G Lafk F;q/ Z'i+$! D-v"
813," K\v]d N O G R S J>; Zmf Xk(o'$ Cb Wq F$ V Ej%=}_.*xus L D?""rpy< U!|) T Qn/g Ht-e A[aci B&{l-,@w# M P:+zh I Y"
814,", J<) Aj Fvk P Oo]|$f:md\. C@s M Xl= Qi E""{t Ge([hg} B Uwp Z# I/*c> Nq L W+%?& Kxu R$ Yy!b Hr'-z S V_ D; Tan-"
815,"+ Pz' H D]y Y G Mrj""g W!hpk$* X Q\?&|>u[e A T J_)@ U K%xi Ec(qld R- Bnvsf-{. F=#$ Cao} L Smb/t I Ow; Z V N,<:"
816,"$ Q Pa.c Shv G E V@o# A( U R/e Ci H-gm Y I} Xrl Z!w&- Nztp>:' B T\=$kq);,f+y] W K Jxj M%{ O D Fs""?<bd_|u* L[n"
817,">r Dj B G W K|} C["" M=@aqp# Y?xo H L\!/g O%w N Z$-h J Xn, E+.{'l$:c-( Qfy<) V;di Um F&_ P*b T S Ru Ikv]e Atsz"
